USPS,GEOID,NAME,INTPTLAT,INTPTLONG
AL,01001,Autauga County,32.532237,-86.64644
AL,01003,Baldwin County,30.659218,-87.746067
AL,01005,Barbour County,31.870253,-85.405103
AL,01007,Bibb County,33.015893,-87.127148
AL,01009,Blount County,33.977358,-86.56644
AL,01011,Bullock County,32.101759,-85.717261
AL,01013,Butler County,31.751667,-86.681969
AL,01015,Calhoun County,33.770516,-85.827909
AL,01017,Chambers County,32.915504,-85.394032
AL,01019,Cherokee County,34.069515,-85.654242
AL,01021,Chilton County,32.854051,-86.726607
AL,01023,Choctaw County,31.990954,-88.248889
AL,01025,Clarke County,31.685521,-87.818624
AL,01027,Clay County,33.2704,-85.863525
AL,01029,Cleburne County,33.671964,-85.516126
AL,01031,Coffee County,31.402258,-85.989602
AL,01033,Colbert County,34.703112,-87.801457
AL,01035,Conecuh County,31.430926,-86.988722
AL,01037,Coosa County,32.931445,-86.243482
AL,01039,Covington County,31.243987,-86.448721
AL,01041,Crenshaw County,31.730311,-86.320038
AL,01043,Cullman County,34.131923,-86.869267
AL,01045,Dale County,31.430654,-85.609476
AL,01047,Dallas County,32.333526,-87.11436
AL,01049,DeKalb County,34.460915,-85.804021
AL,01051,Elmore County,32.597229,-86.142735
AL,01053,Escambia County,31.122287,-87.16841
AL,01055,Etowah County,34.047641,-86.034263
AL,01057,Fayette County,33.716157,-87.764292
AL,01059,Franklin County,34.441989,-87.842814
AL,01061,Geneva County,31.092382,-85.821022
AL,01063,Greene County,32.844497,-87.9642
AL,01065,Hale County,32.752796,-87.623061
AL,01067,Henry County,31.516978,-85.239971
AL,01069,Houston County,31.158183,-85.296411
AL,01071,Jackson County,34.764114,-85.980056
AL,01073,Jefferson County,33.553444,-86.896536
AL,01075,Lamar County,33.787085,-88.087431
AL,01077,Lauderdale County,34.904168,-87.651108
AL,01079,Lawrence County,34.529776,-87.321865
AL,01081,Lee County,32.604064,-85.353048
AL,01083,Limestone County,34.810239,-86.981399
AL,01085,Lowndes County,32.147888,-86.650586
AL,01087,Macon County,32.387027,-85.692887
AL,01089,Madison County,34.764238,-86.55108
AL,01091,Marengo County,32.247591,-87.791091
AL,01093,Marion County,34.138219,-87.881551
AL,01095,Marshall County,34.309564,-86.321668
AL,01097,Mobile County,30.684572,-88.196568
AL,01099,Monroe County,31.580353,-87.383342
AL,01101,Montgomery County,32.202881,-86.204461
AL,01103,Morgan County,34.454484,-86.846402
AL,01105,Perry County,32.639005,-87.293827
AL,01107,Pickens County,33.2968,-88.096864
AL,01109,Pike County,31.798653,-85.941608
AL,01111,Randolph County,33.296461,-85.464064
AL,01113,Russell County,32.289811,-85.18698
AL,01115,St. Clair County,33.719491,-86.311327
AL,01117,Shelby County,33.266893,-86.661007
AL,01119,Sumter County,32.597481,-88.200057
AL,01121,Talladega County,33.369314,-86.17593
AL,01123,Tallapoosa County,32.863308,-85.799618
AL,01125,Tuscaloosa County,33.29022,-87.522783
AL,01127,Walker County,33.791558,-87.301094
AL,01129,Washington County,31.408503,-88.212404
AL,01131,Wilcox County,31.990082,-87.304935
AL,01133,Winston County,34.154566,-87.365346
AK,02013,Aleutians East Borough,55.245044,-161.997477
AK,02016,Aleutians West Census Area,51.948964,+179.621188
AK,02020,Anchorage Municipality,61.17425,-149.284329
AK,02050,Bethel Census Area,60.929141,-160.152625
AK,02060,Bristol Bay Borough,58.730546,-156.994473
AK,02063,Chugach Census Area,60.488474,-146.20309
AK,02066,Copper River Census Area,62.034479,-143.922167
AK,02068,Denali Borough,63.682039,-150.027016
AK,02070,Dillingham Census Area,59.543326,-158.267123
AK,02090,Fairbanks North Star Borough,64.670454,-146.496061
AK,02100,Haines Borough,59.098404,-135.575791
AK,02105,Hoonah-Angoon Census Area,58.403336,-135.884909
AK,02110,Juneau City and Borough,58.37291,-134.178445
AK,02122,Kenai Peninsula Borough,60.366668,-152.322283
AK,02130,Ketchikan Gateway Borough,55.449938,-131.106685
AK,02150,Kodiak Island Borough,57.7044,-153.918372
AK,02158,Kusilvak Census Area,62.283555,-163.190154
AK,02164,Lake and Peninsula Borough,58.108507,-156.413413
AK,02170,Matanuska-Susitna Borough,62.265626,-149.503993
AK,02180,Nome Census Area,64.783686,-164.188912
AK,02185,North Slope Borough,69.449343,-153.47283
AK,02188,Northwest Arctic Borough,67.005066,-160.021086
AK,02195,Petersburg Borough,57.112458,-133.008598
AK,02198,Prince of Wales-Hyder Census Area,55.682773,-133.162389
AK,02220,Sitka City and Borough,57.193204,-135.367396
AK,02230,Skagway Municipality,59.560379,-135.338279
AK,02240,Southeast Fairbanks Census Area,63.864997,-143.218628
AK,02275,Wrangell City and Borough,56.180779,-132.026788
AK,02282,Yakutat City and Borough,60.017508,-140.416847
AK,02290,Yukon-Koyukuk Census Area,65.375656,-151.578176
AZ,04001,Apache County,35.385084,-109.490172
AZ,04003,Cochise County,31.840129,-109.775163
AZ,04005,Coconino County,35.829692,-111.773728
AZ,04007,Gila County,33.789618,-110.81187
AZ,04009,Graham County,32.931828,-109.87831
AZ,04011,Greenlee County,33.238872,-109.242323
AZ,04012,La Paz County,33.72761,-114.038806
AZ,04013,Maricopa County,33.345176,-112.49893
AZ,04015,Mohave County,35.717705,-113.749689
AZ,04017,Navajo County,35.390785,-110.321025
AZ,04019,Pima County,32.128038,-111.783657
AZ,04021,Pinal County,32.918521,-111.366339
AZ,04023,Santa Cruz County,31.525733,-110.845228
AZ,04025,Yavapai County,34.631071,-112.577225
AZ,04027,Yuma County,32.773942,-113.910905
AR,05001,Arkansas County,34.28957,-91.376547
AR,05003,Ashley County,33.190835,-91.772267
AR,05005,Baxter County,36.28027,-92.32995
AR,05007,Benton County,36.337819,-94.256298
AR,05009,Boone County,36.304299,-93.079236
AR,05011,Bradley County,33.466549,-92.169156
AR,05013,Calhoun County,33.56046,-92.513879
AR,05015,Carroll County,36.33737,-93.540972
AR,05017,Chicot County,33.267139,-91.297158
AR,05019,Clark County,34.053316,-93.176208
AR,05021,Clay County,36.367302,-90.418704
AR,05023,Cleburne County,35.593628,-92.008898
AR,05025,Cleveland County,33.893201,-92.188714
AR,05027,Columbia County,33.223038,-93.232843
AR,05029,Conway County,35.26569,-92.689249
AR,05031,Craighead County,35.827729,-90.631421
AR,05033,Crawford County,35.582959,-94.236193
AR,05035,Crittenden County,35.197559,-90.30512
AR,05037,Cross County,35.285692,-90.763984
AR,05039,Dallas County,33.967823,-92.653999
AR,05041,Desha County,33.828752,-91.244103
AR,05043,Drew County,33.587242,-91.722778
AR,05045,Faulkner County,35.146548,-92.336928
AR,05047,Franklin County,35.508558,-93.887665
AR,05049,Fulton County,36.381322,-91.819285
AR,05051,Garland County,34.578852,-93.146932
AR,05053,Grant County,34.285568,-92.422979
AR,05055,Greene County,36.120607,-90.566346
AR,05057,Hempstead County,33.735953,-93.664355
AR,05059,Hot Spring County,34.315177,-92.944147
AR,05061,Howard County,34.083064,-93.990931
AR,05063,Independence County,35.737499,-91.559942
AR,05065,Izard County,36.094879,-91.913625
AR,05067,Jackson County,35.596467,-91.223205
AR,05069,Jefferson County,34.277239,-91.929673
AR,05071,Johnson County,35.573359,-93.466322
AR,05073,Lafayette County,33.240629,-93.611514
AR,05075,Lawrence County,36.041098,-91.101153
AR,05077,Lee County,34.779505,-90.779717
AR,05079,Lincoln County,33.956385,-91.742355
AR,05081,Little River County,33.701941,-94.236287
AR,05083,Logan County,35.218654,-93.72091
AR,05085,Lonoke County,34.755114,-91.894132
AR,05087,Madison County,36.012545,-93.724053
AR,05089,Marion County,36.266664,-92.678577
AR,05091,Miller County,33.305505,-93.901502
AR,05093,Mississippi County,35.766944,-90.052207
AR,05095,Monroe County,34.679512,-91.20331
AR,05097,Montgomery County,34.545656,-93.664153
AR,05099,Nevada County,33.666699,-93.305072
AR,05101,Newton County,35.910742,-93.215898
AR,05103,Ouachita County,33.591168,-92.878413
AR,05105,Perry County,34.946363,-92.926877
AR,05107,Phillips County,34.423687,-90.855593
AR,05109,Pike County,34.158191,-93.658659
AR,05111,Poinsett County,35.56887,-90.681104
AR,05113,Polk County,34.49096,-94.230894
AR,05115,Pope County,35.456557,-93.026818
AR,05117,Prairie County,34.831116,-91.55362
AR,05119,Pulaski County,34.770311,-92.312996
AR,05121,Randolph County,36.341298,-91.028441
AR,05123,St. Francis County,35.022838,-90.751506
AR,05125,Saline County,34.648525,-92.674463
AR,05127,Scott County,34.858869,-94.063641
AR,05129,Searcy County,35.896387,-92.695888
AR,05131,Sebastian County,35.196981,-94.274989
AR,05133,Sevier County,33.994877,-94.243279
AR,05135,Sharp County,36.173399,-91.471069
AR,05137,Stone County,35.857001,-92.140482
AR,05139,Union County,33.168219,-92.598145
AR,05141,Van Buren County,35.582953,-92.515976
AR,05143,Washington County,35.978001,-94.217269
AR,05145,White County,35.255118,-91.753034
AR,05147,Woodruff County,35.192777,-91.244535
AR,05149,Yell County,34.997713,-93.408303
CA,06001,Alameda County,37.647139,-121.912488
CA,06003,Alpine County,38.621783,-119.798352
CA,06005,Amador County,38.443549,-120.653858
CA,06007,Butte County,39.665336,-121.603209
CA,06009,Calaveras County,38.191068,-120.554107
CA,06011,Colusa County,39.177739,-122.237563
CA,06013,Contra Costa County,37.919479,-121.951543
CA,06015,Del Norte County,41.749903,-123.980998
CA,06017,El Dorado County,38.785612,-120.534225
CA,06019,Fresno County,36.761006,-119.655019
CA,06021,Glenn County,39.602546,-122.4017
CA,06023,Humboldt County,40.706655,-123.926176
CA,06025,Imperial County,33.040814,-115.3554
CA,06027,Inyo County,36.56216,-117.404209
CA,06029,Kern County,35.346629,-118.729506
CA,06031,Kings County,36.072478,-119.81553
CA,06033,Lake County,39.108009,-122.745217
CA,06035,Lassen County,40.715287,-120.621223
CA,06037,Los Angeles County,34.196398,-118.261862
CA,06039,Madera County,37.209821,-119.749802
CA,06041,Marin County,38.051367,-122.746396
CA,06043,Mariposa County,37.574343,-119.911721
CA,06045,Mendocino County,39.432388,-123.442881
CA,06047,Merced County,37.194806,-120.722802
CA,06049,Modoc County,41.592918,-120.71837
CA,06051,Mono County,37.915836,-118.875167
CA,06053,Monterey County,36.240104,-121.315578
CA,06055,Napa County,38.5071,-122.325904
CA,06057,Nevada County,39.297508,-120.771343
CA,06059,Orange County,33.675687,-117.777207
CA,06061,Placer County,39.062032,-120.722718
CA,06063,Plumas County,39.992295,-120.824371
CA,06065,Riverside County,33.729828,-116.002239
CA,06067,Sacramento County,38.450136,-121.344329
CA,06069,San Benito County,36.611651,-121.085811
CA,06071,San Bernardino County,34.856661,-116.181571
CA,06073,San Diego County,33.023604,-116.776117
CA,06075,San Francisco County,37.727239,-123.032229
CA,06077,San Joaquin County,37.934982,-121.272244
CA,06079,San Luis Obispo County,35.388189,-120.448897
CA,06081,San Mateo County,37.414672,-122.371546
CA,06083,Santa Barbara County,34.536677,-120.038364
CA,06085,Santa Clara County,37.221614,-121.68954
CA,06087,Santa Cruz County,37.012347,-122.007789
CA,06089,Shasta County,40.760514,-122.043556
CA,06091,Sierra County,39.576925,-120.521993
CA,06093,Siskiyou County,41.587986,-122.533287
CA,06095,Solano County,38.267226,-121.939594
CA,06097,Sonoma County,38.525182,-122.92611
CA,06099,Stanislaus County,37.562316,-121.002831
CA,06101,Sutter County,39.03619,-121.70394
CA,06103,Tehama County,40.126157,-122.232274
CA,06105,Trinity County,40.647858,-123.114666
CA,06107,Tulare County,36.228834,-118.781055
CA,06109,Tuolumne County,38.021434,-119.964733
CA,06111,Ventura County,34.358748,-119.133145
CA,06113,Yolo County,38.679609,-121.90275
CA,06115,Yuba County,39.27013,-121.344259
CO,08001,Adams County,39.874325,-104.331872
CO,08003,Alamosa County,37.568442,-105.788041
CO,08005,Arapahoe County,39.644554,-104.331706
CO,08007,Archuleta County,37.202395,-107.050863
CO,08009,Baca County,37.30978,-102.543741
CO,08011,Bent County,37.931891,-103.077584
CO,08013,Boulder County,40.094971,-105.39771
CO,08014,Broomfield County,39.953877,-105.050898
CO,08015,Chaffee County,38.734599,-106.300025
CO,08017,Cheyenne County,38.835646,-102.601791
CO,08019,Clear Creek County,39.689403,-105.670783
CO,08021,Conejos County,37.213406,-106.176447
CO,08023,Costilla County,37.277547,-105.42894
CO,08025,Crowley County,38.30618,-103.772736
CO,08027,Custer County,38.101996,-105.373512
CO,08029,Delta County,38.861423,-107.865043
CO,08031,Denver County,39.76185,-104.881105
CO,08033,Dolores County,37.733823,-108.506219
CO,08035,Douglas County,39.325414,-104.925987
CO,08037,Eagle County,39.626992,-106.695169
CO,08039,Elbert County,39.315157,-104.114076
CO,08041,El Paso County,38.8311,-104.527681
CO,08043,Fremont County,38.45517,-105.424958
CO,08045,Garfield County,39.599352,-107.90978
CO,08047,Gilpin County,39.861156,-105.528878
CO,08049,Grand County,40.113065,-106.110837
CO,08051,Gunnison County,38.670499,-107.05688
CO,08053,Hinsdale County,37.811519,-107.383974
CO,08055,Huerfano County,37.687815,-104.959928
CO,08057,Jackson County,40.663432,-106.329248
CO,08059,Jefferson County,39.579511,-105.245462
CO,08061,Kiowa County,38.387663,-102.756849
CO,08063,Kit Carson County,39.30534,-102.603023
CO,08065,Lake County,39.205363,-106.350123
CO,08067,La Plata County,37.287367,-107.839718
CO,08069,Larimer County,40.658093,-105.486764
CO,08071,Las Animas County,37.318831,-104.04411
CO,08073,Lincoln County,38.99374,-103.507555
CO,08075,Logan County,40.728091,-103.090464
CO,08077,Mesa County,39.019524,-108.460571
CO,08079,Mineral County,37.549069,-107.003235
CO,08081,Moffat County,40.610864,-108.217154
CO,08083,Montezuma County,37.338025,-108.595786
CO,08085,Montrose County,38.407507,-108.266282
CO,08087,Morgan County,40.262085,-103.807235
CO,08089,Otero County,37.88417,-103.72126
CO,08091,Ouray County,38.154731,-107.78848
CO,08093,Park County,39.118914,-105.717648
CO,08095,Phillips County,40.594712,-102.345105
CO,08097,Pitkin County,39.217541,-106.916162
CO,08099,Prowers County,37.958443,-102.391754
CO,08101,Pueblo County,38.162765,-104.484668
CO,08103,Rio Blanco County,39.972622,-108.200716
CO,08105,Rio Grande County,37.485853,-106.453128
CO,08107,Routt County,40.483664,-106.987702
CO,08109,Saguache County,38.031651,-106.234666
CO,08111,San Juan County,37.781049,-107.670257
CO,08113,San Miguel County,38.009319,-108.427263
CO,08115,Sedgwick County,40.871568,-102.355358
CO,08117,Summit County,39.621023,-106.137555
CO,08119,Teller County,38.869976,-105.187365
CO,08121,Washington County,39.96579,-103.209744
CO,08123,Weld County,40.555961,-104.383666
CO,08125,Yuma County,40.00077,-102.421649
CT,09110,Capitol Planning Region,41.81697,-72.575886
CT,09120,Greater Bridgeport Planning Region,41.184558,-73.209401
CT,09130,Lower Connecticut River Valley Planning Region,41.420307,-72.493525
CT,09140,Naugatuck Valley Planning Region,41.518931,-73.087906
CT,09150,Northeastern Connecticut Planning Region,41.842375,-71.972655
CT,09160,Northwest Hills Planning Region,41.854809,-73.221494
CT,09170,South Central Connecticut Planning Region,41.290167,-72.837024
CT,09180,Southeastern Connecticut Planning Region,41.484769,-72.101666
CT,09190,Western Connecticut Planning Region,41.279055,-73.44655
DE,10001,Kent County,39.097088,-75.502982
DE,10003,New Castle County,39.575915,-75.644132
DE,10005,Sussex County,38.673227,-75.337024
DC,11001,District of Columbia,38.904243,-77.016524
FL,12001,Alachua County,29.67574,-82.357221
FL,12003,Baker County,30.324442,-82.302284
FL,12005,Bay County,30.15914,-85.534395
FL,12007,Bradford County,29.952386,-82.166698
FL,12009,Brevard County,28.298311,-80.700333
FL,12011,Broward County,26.193535,-80.476683
FL,12013,Calhoun County,30.388801,-85.197915
FL,12015,Charlotte County,26.906358,-82.00363
FL,12017,Citrus County,28.850293,-82.595551
FL,12019,Clay County,29.986584,-81.865036
FL,12021,Collier County,26.118786,-81.400955
FL,12023,Columbia County,30.221651,-82.623371
FL,12027,DeSoto County,27.190581,-81.806253
FL,12029,Dixie County,29.552675,-83.236232
FL,12031,Duval County,30.335245,-81.648113
FL,12033,Escambia County,30.529998,-87.320322
FL,12035,Flagler County,29.474891,-81.286253
FL,12037,Franklin County,29.677794,-84.815213
FL,12039,Gadsden County,30.578687,-84.612607
FL,12041,Gilchrist County,29.723456,-82.795801
FL,12043,Glades County,26.95481,-81.19082
FL,12045,Gulf County,29.859238,-85.272041
FL,12047,Hamilton County,30.498438,-82.951116
FL,12049,Hardee County,27.492846,-81.82158
FL,12051,Hendry County,26.539967,-81.152114
FL,12053,Hernando County,28.555995,-82.525969
FL,12055,Highlands County,27.34108,-81.342353
FL,12057,Hillsborough County,27.893154,-82.379991
FL,12059,Holmes County,30.862007,-85.815939
FL,12061,Indian River County,27.700528,-80.574789
FL,12063,Jackson County,30.789249,-85.208814
FL,12065,Jefferson County,30.396898,-83.921761
FL,12067,Lafayette County,29.990066,-83.17851
FL,12069,Lake County,28.764113,-81.712282
FL,12071,Lee County,26.563273,-81.984182
FL,12073,Leon County,30.45931,-84.2778
FL,12075,Levy County,29.271854,-82.831233
FL,12077,Liberty County,30.259849,-84.86858
FL,12079,Madison County,30.447233,-83.470416
FL,12081,Manatee County,27.475556,-82.393144
FL,12083,Marion County,29.202805,-82.0431
FL,12085,Martin County,27.083604,-80.398201
FL,12086,Miami-Dade County,25.616009,-80.50375
FL,12087,Monroe County,25.58612,-81.022603
FL,12089,Nassau County,30.605963,-81.765087
FL,12091,Okaloosa County,30.614325,-86.59108
FL,12093,Okeechobee County,27.385592,-80.887388
FL,12095,Orange County,28.514391,-81.323284
FL,12097,Osceola County,28.059027,-81.139312
FL,12099,Palm Beach County,26.649126,-80.448354
FL,12101,Pasco County,28.30474,-82.502367
FL,12103,Pinellas County,27.905342,-82.798066
FL,12105,Polk County,27.954854,-81.694301
FL,12107,Putnam County,29.593897,-81.732039
FL,12109,St. Johns County,29.881397,-81.388282
FL,12111,St. Lucie County,27.379814,-80.443536
FL,12113,Santa Rosa County,30.675348,-87.018919
FL,12115,Sarasota County,27.223489,-82.424764
FL,12117,Seminole County,28.690065,-81.131975
FL,12119,Sumter County,28.713277,-82.069555
FL,12121,Suwannee County,30.189244,-82.992754
FL,12123,Taylor County,29.967146,-83.639573
FL,12125,Union County,30.05428,-82.366918
FL,12127,Volusia County,29.057769,-81.161792
FL,12129,Wakulla County,30.091335,-84.359111
FL,12131,Walton County,30.571247,-86.162798
FL,12133,Washington County,30.602102,-85.655805
GA,13001,Appling County,31.739726,-82.290102
GA,13003,Atkinson County,31.296806,-82.878151
GA,13005,Bacon County,31.55021,-82.451433
GA,13007,Baker County,31.31958,-84.454881
GA,13009,Baldwin County,33.05949,-83.255457
GA,13011,Banks County,34.351922,-83.498441
GA,13013,Barrow County,33.992009,-83.712303
GA,13015,Bartow County,34.240917,-84.838188
GA,13017,Ben Hill County,31.730583,-83.162961
GA,13019,Berrien County,31.288652,-83.22787
GA,13021,Bibb County,32.80899,-83.69406
GA,13023,Bleckley County,32.435403,-83.331717
GA,13025,Brantley County,31.197334,-81.982978
GA,13027,Brooks County,30.822934,-83.581905
GA,13029,Bryan County,32.017969,-81.438543
GA,13031,Bulloch County,32.394481,-81.741441
GA,13033,Burke County,33.060181,-82.000164
GA,13035,Butts County,33.290355,-83.958221
GA,13037,Calhoun County,31.521279,-84.62629
GA,13039,Camden County,30.913358,-81.642019
GA,13043,Candler County,32.40395,-82.071266
GA,13045,Carroll County,33.582237,-85.080527
GA,13047,Catoosa County,34.900212,-85.139385
GA,13049,Charlton County,30.779904,-82.139644
GA,13051,Chatham County,31.980404,-81.085184
GA,13053,Chattahoochee County,32.347445,-84.788021
GA,13055,Chattooga County,34.474178,-85.345289
GA,13057,Cherokee County,34.244317,-84.475057
GA,13059,Clarke County,33.952185,-83.367152
GA,13061,Clay County,31.619831,-84.992583
GA,13063,Clayton County,33.552242,-84.412973
GA,13065,Clinch County,30.917653,-82.702614
GA,13067,Cobb County,33.939926,-84.57411
GA,13069,Coffee County,31.549245,-82.84494
GA,13071,Colquitt County,31.189714,-83.769873
GA,13073,Columbia County,33.552075,-82.249608
GA,13075,Cook County,31.152516,-83.429445
GA,13077,Coweta County,33.352897,-84.762138
GA,13079,Crawford County,32.709448,-83.979168
GA,13081,Crisp County,31.920268,-83.75653
GA,13083,Dade County,34.852424,-85.506201
GA,13085,Dawson County,34.442608,-84.173261
GA,13087,Decatur County,30.880643,-84.58389
GA,13089,DeKalb County,33.770661,-84.226343
GA,13091,Dodge County,32.164369,-83.167866
GA,13093,Dooly County,32.151995,-83.807167
GA,13095,Dougherty County,31.532588,-84.20904
GA,13097,Douglas County,33.701242,-84.767314
GA,13099,Early County,31.324191,-84.906723
GA,13101,Echols County,30.714008,-82.897376
GA,13103,Effingham County,32.361679,-81.343376
GA,13105,Elbert County,34.116406,-82.841911
GA,13107,Emanuel County,32.5912,-82.300195
GA,13109,Evans County,32.153083,-81.890153
GA,13111,Fannin County,34.866543,-84.317331
GA,13113,Fayette County,33.412717,-84.493941
GA,13115,Floyd County,34.26369,-85.213685
GA,13117,Forsyth County,34.225143,-84.127408
GA,13119,Franklin County,34.375052,-83.22799
GA,13121,Fulton County,33.790034,-84.468182
GA,13123,Gilmer County,34.690522,-84.454812
GA,13125,Glascock County,33.227491,-82.606913
GA,13127,Glynn County,31.21271,-81.49645
GA,13129,Gordon County,34.509667,-84.873862
GA,13131,Grady County,30.8759,-84.244965
GA,13133,Greene County,33.576704,-83.166625
GA,13135,Gwinnett County,33.958756,-84.025735
GA,13137,Habersham County,34.634392,-83.525875
GA,13139,Hall County,34.317569,-83.8185
GA,13141,Hancock County,33.26922,-83.000465
GA,13143,Haralson County,33.795165,-85.220063
GA,13145,Harris County,32.731549,-84.912432
GA,13147,Hart County,34.348732,-82.96329
GA,13149,Heard County,33.291347,-85.137886
GA,13151,Henry County,33.452947,-84.154021
GA,13153,Houston County,32.458147,-83.662309
GA,13155,Irwin County,31.604306,-83.277037
GA,13157,Jackson County,34.130905,-83.562557
GA,13159,Jasper County,33.316981,-83.689151
GA,13161,Jeff Davis County,31.811615,-82.636825
GA,13163,Jefferson County,33.058176,-82.420004
GA,13165,Jenkins County,32.794563,-81.971524
GA,13167,Johnson County,32.694584,-82.66397
GA,13169,Jones County,33.021664,-83.562196
GA,13171,Lamar County,33.07444,-84.146689
GA,13173,Lanier County,31.038197,-83.063164
GA,13175,Laurens County,32.39322,-82.926317
GA,13177,Lee County,31.818419,-84.146681
GA,13179,Liberty County,31.807458,-81.457871
GA,13181,Lincoln County,33.792151,-82.448299
GA,13183,Long County,31.749563,-81.74287
GA,13185,Lowndes County,30.833145,-83.268995
GA,13187,Lumpkin County,34.56814,-83.998925
GA,13189,McDuffie County,33.48061,-82.479572
GA,13191,McIntosh County,31.485629,-81.372141
GA,13193,Macon County,32.362686,-84.051231
GA,13195,Madison County,34.12748,-83.208653
GA,13197,Marion County,32.359312,-84.528735
GA,13199,Meriwether County,33.029267,-84.667058
GA,13201,Miller County,31.162931,-84.730398
GA,13205,Mitchell County,31.228997,-84.192038
GA,13207,Monroe County,33.018784,-83.921837
GA,13209,Montgomery County,32.172108,-82.533349
GA,13211,Morgan County,33.598649,-83.499416
GA,13213,Murray County,34.797097,-84.73799
GA,13215,Muscogee County,32.510191,-84.874946
GA,13217,Newton County,33.552751,-83.85136
GA,13219,Oconee County,33.834125,-83.437728
GA,13221,Oglethorpe County,33.866815,-83.074106
GA,13223,Paulding County,33.92103,-84.867169
GA,13225,Peach County,32.57156,-83.83155
GA,13227,Pickens County,34.456756,-84.490366
GA,13229,Pierce County,31.353998,-82.21037
GA,13231,Pike County,33.081149,-84.389462
GA,13233,Polk County,33.996015,-85.188338
GA,13235,Pulaski County,32.238803,-83.481845
GA,13237,Putnam County,33.32106,-83.37179
GA,13239,Quitman County,31.862938,-85.004798
GA,13241,Rabun County,34.883934,-83.40487
GA,13243,Randolph County,31.762651,-84.752311
GA,13245,Richmond County,33.361486,-82.074998
GA,13247,Rockdale County,33.652081,-84.02637
GA,13249,Schley County,32.263444,-84.322708
GA,13251,Screven County,32.744751,-81.617585
GA,13253,Seminole County,30.93396,-84.867685
GA,13255,Spalding County,33.262348,-84.284905
GA,13257,Stephens County,34.553582,-83.290588
GA,13259,Stewart County,32.073225,-84.834912
GA,13261,Sumter County,32.042266,-84.204294
GA,13263,Talbot County,32.704603,-84.530029
GA,13265,Taliaferro County,33.559319,-82.875272
GA,13267,Tattnall County,32.043768,-82.059208
GA,13269,Taylor County,32.554667,-84.251426
GA,13271,Telfair County,31.913641,-82.931063
GA,13273,Terrell County,31.777191,-84.439446
GA,13275,Thomas County,30.864619,-83.919815
GA,13277,Tift County,31.457003,-83.525931
GA,13279,Toombs County,32.117753,-82.330597
GA,13281,Towns County,34.902529,-83.732264
GA,13283,Treutlen County,32.409586,-82.570882
GA,13285,Troup County,33.034482,-85.02836
GA,13287,Turner County,31.7248,-83.620319
GA,13289,Twiggs County,32.665847,-83.425879
GA,13291,Union County,34.833333,-83.989257
GA,13293,Upson County,32.881837,-84.292283
GA,13295,Walker County,34.735802,-85.305456
GA,13297,Walton County,33.783887,-83.731829
GA,13299,Ware County,31.050881,-82.421507
GA,13301,Warren County,33.408381,-82.675685
GA,13303,Washington County,32.971843,-82.798112
GA,13305,Wayne County,31.547845,-81.912376
GA,13307,Webster County,32.046691,-84.553828
GA,13309,Wheeler County,32.105258,-82.733849
GA,13311,White County,34.644182,-83.743
GA,13313,Whitfield County,34.801726,-84.968541
GA,13315,Wilcox County,31.96272,-83.438259
GA,13317,Wilkes County,33.779031,-82.747921
GA,13319,Wilkinson County,32.804266,-83.175512
GA,13321,Worth County,31.551773,-83.84996
HI,15001,Hawaii County,19.597764,-155.502443
HI,15003,Honolulu County,21.461365,-158.201974
HI,15005,Kalawao County,21.218764,-156.97401
HI,15007,Kauai County,22.012038,-159.705965
HI,15009,Maui County,20.855931,-156.60155
ID,16001,Ada County,43.451476,-116.244376
ID,16003,Adams County,44.876955,-116.461614
ID,16005,Bannock County,42.692921,-112.228982
ID,16007,Bear Lake County,42.285892,-111.327517
ID,16009,Benewah County,47.218451,-116.633541
ID,16011,Bingham County,43.216357,-112.399206
ID,16013,Blaine County,43.394192,-113.955371
ID,16015,Boise County,43.987275,-115.71511
ID,16017,Bonner County,48.324634,-116.62745
ID,16019,Bonneville County,43.395171,-111.621878
ID,16021,Boundary County,48.773131,-116.524668
ID,16023,Butte County,43.685101,-113.177631
ID,16025,Camas County,43.502551,-114.772135
ID,16027,Canyon County,43.625795,-116.709058
ID,16029,Caribou County,42.786072,-111.544273
ID,16031,Cassia County,42.282313,-113.626328
ID,16033,Clark County,44.290218,-112.354613
ID,16035,Clearwater County,46.67257,-115.6535
ID,16037,Custer County,44.273351,-114.252267
ID,16039,Elmore County,43.394698,-115.471205
ID,16041,Franklin County,42.173609,-111.822965
ID,16043,Fremont County,44.218091,-111.484429
ID,16045,Gem County,44.061473,-116.398784
ID,16047,Gooding County,42.973185,-114.82142
ID,16049,Idaho County,45.849644,-115.467337
ID,16051,Jefferson County,43.796965,-112.318588
ID,16053,Jerome County,42.691395,-114.262086
ID,16055,Kootenai County,47.67596,-116.695861
ID,16057,Latah County,46.81892,-116.730974
ID,16059,Lemhi County,44.928506,-113.887042
ID,16061,Lewis County,46.236328,-116.42376
ID,16063,Lincoln County,42.990782,-114.153089
ID,16065,Madison County,43.788614,-111.656993
ID,16067,Minidoka County,42.857211,-113.63984
ID,16069,Nez Perce County,46.333791,-116.760909
ID,16071,Oneida County,42.183895,-112.520449
ID,16073,Owyhee County,42.572851,-116.18969
ID,16075,Payette County,44.00243,-116.750238
ID,16077,Power County,42.694126,-112.844407
ID,16079,Shoshone County,47.347694,-115.885092
ID,16081,Teton County,43.760994,-111.211765
ID,16083,Twin Falls County,42.352309,-114.665639
ID,16085,Valley County,44.85596,-115.618061
ID,16087,Washington County,44.448223,-116.797792
IL,17001,Adams County,39.986052,-91.194961
IL,17003,Alexander County,37.183658,-89.349516
IL,17005,Bond County,38.885924,-89.436592
IL,17007,Boone County,42.318983,-88.824295
IL,17009,Brown County,39.962069,-90.750309
IL,17011,Bureau County,41.401304,-89.528377
IL,17013,Calhoun County,39.164262,-90.666295
IL,17015,Carroll County,42.0709,-89.92419
IL,17017,Cass County,39.969202,-90.245704
IL,17019,Champaign County,40.138985,-88.196975
IL,17021,Christian County,39.545524,-89.279593
IL,17023,Clark County,39.332334,-87.791683
IL,17025,Clay County,38.746819,-88.482325
IL,17027,Clinton County,38.606295,-89.426228
IL,17029,Coles County,39.51368,-88.220782
IL,17031,Cook County,41.894294,-87.645455
IL,17033,Crawford County,39.002787,-87.760619
IL,17035,Cumberland County,39.273121,-88.240619
IL,17037,DeKalb County,41.894615,-88.768922
IL,17039,De Witt County,40.181499,-88.901853
IL,17041,Douglas County,39.766078,-88.222867
IL,17043,DuPage County,41.852058,-88.086039
IL,17045,Edgar County,39.679037,-87.74711
IL,17047,Edwards County,38.417095,-88.047941
IL,17049,Effingham County,39.047945,-88.592849
IL,17051,Fayette County,39.001125,-89.017923
IL,17053,Ford County,40.596539,-88.224588
IL,17055,Franklin County,37.991852,-88.926321
IL,17057,Fulton County,40.46524,-90.202269
IL,17059,Gallatin County,37.768677,-88.227964
IL,17061,Greene County,39.355439,-90.387682
IL,17063,Grundy County,41.29241,-88.401054
IL,17065,Hamilton County,38.085227,-88.539009
IL,17067,Hancock County,40.401318,-91.168801
IL,17069,Hardin County,37.517852,-88.266148
IL,17071,Henderson County,40.814471,-90.941246
IL,17073,Henry County,41.350021,-90.130838
IL,17075,Iroquois County,40.748867,-87.833601
IL,17077,Jackson County,37.786096,-89.381212
IL,17079,Jasper County,39.004886,-88.150725
IL,17081,Jefferson County,38.30078,-88.92421
IL,17083,Jersey County,39.080195,-90.361385
IL,17085,Jo Daviess County,42.362391,-90.21147
IL,17087,Johnson County,37.460709,-88.882131
IL,17089,Kane County,41.939594,-88.42804
IL,17091,Kankakee County,41.13951,-87.861117
IL,17093,Kendall County,41.58814,-88.430626
IL,17095,Knox County,40.930945,-90.213792
IL,17097,Lake County,42.185968,-87.805939
IL,17099,LaSalle County,41.343341,-88.885931
IL,17101,Lawrence County,38.718954,-87.730221
IL,17103,Lee County,41.747447,-89.299362
IL,17105,Livingston County,40.894376,-88.552852
IL,17107,Logan County,40.129277,-89.365309
IL,17109,McDonough County,40.455808,-90.678954
IL,17111,McHenry County,42.324298,-88.452245
IL,17113,McLean County,40.494559,-88.844539
IL,17115,Macon County,39.860237,-88.961529
IL,17117,Macoupin County,39.265914,-89.92633
IL,17119,Madison County,38.82712,-89.900227
IL,17121,Marion County,38.648236,-88.920362
IL,17123,Marshall County,41.031119,-89.342371
IL,17125,Mason County,40.236993,-89.913575
IL,17127,Massac County,37.216119,-88.705658
IL,17129,Menard County,40.022569,-89.794133
IL,17131,Mercer County,41.205605,-90.74177
IL,17133,Monroe County,38.277983,-90.179078
IL,17135,Montgomery County,39.228068,-89.478141
IL,17137,Morgan County,39.717657,-90.204993
IL,17139,Moultrie County,39.636896,-88.625726
IL,17141,Ogle County,42.041884,-89.320176
IL,17143,Peoria County,40.785972,-89.766993
IL,17145,Perry County,38.084381,-89.368525
IL,17147,Piatt County,40.009033,-88.592355
IL,17149,Pike County,39.625106,-90.889034
IL,17151,Pope County,37.417169,-88.542374
IL,17153,Pulaski County,37.215615,-89.127755
IL,17155,Putnam County,41.198961,-89.298347
IL,17157,Randolph County,38.056515,-89.82121
IL,17159,Richland County,38.712187,-88.085452
IL,17161,Rock Island County,41.468421,-90.572125
IL,17163,St. Clair County,38.470198,-89.928546
IL,17165,Saline County,37.751508,-88.545024
IL,17167,Sangamon County,39.756886,-89.662435
IL,17169,Schuyler County,40.156905,-90.613464
IL,17171,Scott County,39.637002,-90.477771
IL,17173,Shelby County,39.384916,-88.798865
IL,17175,Stark County,41.096908,-89.797411
IL,17177,Stephenson County,42.349726,-89.665994
IL,17179,Tazewell County,40.508074,-89.51626
IL,17181,Union County,37.485652,-89.244639
IL,17183,Vermilion County,40.186755,-87.726778
IL,17185,Wabash County,38.445821,-87.839167
IL,17187,Warren County,40.850441,-90.620223
IL,17189,Washington County,38.35314,-89.417187
IL,17191,Wayne County,38.431857,-88.43243
IL,17193,White County,38.087307,-88.17862
IL,17195,Whiteside County,41.750675,-89.911005
IL,17197,Will County,41.448474,-87.978456
IL,17199,Williamson County,37.730353,-88.930018
IL,17201,Winnebago County,42.337396,-89.161205
IL,17203,Woodford County,40.789789,-89.210588
IN,18001,Adams County,40.74573,-84.936134
IN,18003,Allen County,41.091909,-85.071791
IN,18005,Bartholomew County,39.205843,-85.897999
IN,18007,Benton County,40.600939,-87.314786
IN,18009,Blackford County,40.472672,-85.32373
IN,18011,Boone County,40.050892,-86.469014
IN,18013,Brown County,39.195113,-86.230121
IN,18015,Carroll County,40.58498,-86.565141
IN,18017,Cass County,40.753799,-86.355168
IN,18019,Clark County,38.476217,-85.711122
IN,18021,Clay County,39.393928,-87.115858
IN,18023,Clinton County,40.305944,-86.477567
IN,18025,Crawford County,38.289433,-86.440871
IN,18027,Daviess County,38.69609,-87.076943
IN,18029,Dearborn County,39.140897,-84.975868
IN,18031,Decatur County,39.30598,-85.499831
IN,18033,DeKalb County,41.39676,-85.002697
IN,18035,Delaware County,40.227543,-85.399262
IN,18037,Dubois County,38.373344,-86.873385
IN,18039,Elkhart County,41.600693,-85.863986
IN,18041,Fayette County,39.639654,-85.185034
IN,18043,Floyd County,38.318081,-85.911847
IN,18045,Fountain County,40.121237,-87.234872
IN,18047,Franklin County,39.409762,-85.066964
IN,18049,Fulton County,41.050384,-86.265006
IN,18051,Gibson County,38.317398,-87.580523
IN,18053,Grant County,40.515758,-85.654946
IN,18055,Greene County,39.047147,-87.004771
IN,18057,Hamilton County,40.053513,-86.021709
IN,18059,Hancock County,39.822529,-85.77315
IN,18061,Harrison County,38.186454,-86.103766
IN,18063,Hendricks County,39.768963,-86.509908
IN,18065,Henry County,39.929591,-85.397363
IN,18067,Howard County,40.483537,-86.114118
IN,18069,Huntington County,40.826394,-85.478597
IN,18071,Jackson County,38.911957,-86.042516
IN,18073,Jasper County,41.017688,-87.118814
IN,18075,Jay County,40.434956,-85.002331
IN,18077,Jefferson County,38.783604,-85.44009
IN,18079,Jennings County,38.996229,-85.628103
IN,18081,Johnson County,39.496092,-86.094264
IN,18083,Knox County,38.688381,-87.420358
IN,18085,Kosciusko County,41.244293,-85.861575
IN,18087,LaGrange County,41.642462,-85.427845
IN,18089,Lake County,41.472247,-87.374337
IN,18091,LaPorte County,41.549013,-86.744739
IN,18093,Lawrence County,38.839815,-86.48782
IN,18095,Madison County,40.166203,-85.722454
IN,18097,Marion County,39.782976,-86.135794
IN,18099,Marshall County,41.325003,-86.269036
IN,18101,Martin County,38.705322,-86.801847
IN,18103,Miami County,40.772805,-86.044244
IN,18105,Monroe County,39.160729,-86.52331
IN,18107,Montgomery County,40.040296,-86.892715
IN,18109,Morgan County,39.482646,-86.447457
IN,18111,Newton County,40.962399,-87.402172
IN,18113,Noble County,41.404679,-85.417271
IN,18115,Ohio County,38.940527,-84.964299
IN,18117,Orange County,38.547381,-86.489257
IN,18119,Owen County,39.317339,-86.838845
IN,18121,Parke County,39.77425,-87.19695
IN,18123,Perry County,38.081436,-86.62654
IN,18125,Pike County,38.397961,-87.232547
IN,18127,Porter County,41.509914,-87.071313
IN,18129,Posey County,38.027614,-87.868653
IN,18131,Pulaski County,41.045272,-86.692538
IN,18133,Putnam County,39.665548,-86.853373
IN,18135,Randolph County,40.164079,-85.00579
IN,18137,Ripley County,39.100226,-85.260494
IN,18139,Rush County,39.622365,-85.466536
IN,18141,St. Joseph County,41.617723,-86.288048
IN,18143,Scott County,38.679431,-85.751898
IN,18145,Shelby County,39.524135,-85.792174
IN,18147,Spencer County,38.009697,-87.010375
IN,18149,Starke County,41.284478,-86.644636
IN,18151,Steuben County,41.643467,-85.002405
IN,18153,Sullivan County,39.089225,-87.415843
IN,18155,Switzerland County,38.825854,-85.029681
IN,18157,Tippecanoe County,40.389133,-86.893554
IN,18159,Tipton County,40.310229,-86.056207
IN,18161,Union County,39.623094,-84.925145
IN,18163,Vanderburgh County,38.02007,-87.586166
IN,18165,Vermillion County,39.854045,-87.462071
IN,18167,Vigo County,39.430874,-87.390989
IN,18169,Wabash County,40.843747,-85.795192
IN,18171,Warren County,40.352498,-87.375163
IN,18173,Warrick County,38.097728,-87.272049
IN,18175,Washington County,38.600992,-86.105496
IN,18177,Wayne County,39.863091,-85.006735
IN,18179,Wells County,40.735547,-85.213349
IN,18181,White County,40.75095,-86.864293
IN,18183,Whitley County,41.136426,-85.501892
IA,19001,Adair County,41.328528,-94.478164
IA,19003,Adams County,41.021656,-94.696906
IA,19005,Allamakee County,43.274964,-91.382751
IA,19007,Appanoose County,40.744249,-92.873062
IA,19009,Audubon County,41.679178,-94.904312
IA,19011,Benton County,42.092547,-92.05763
IA,19013,Black Hawk County,42.471132,-92.3076
IA,19015,Boone County,42.03862,-93.939383
IA,19017,Bremer County,42.780895,-92.327356
IA,19019,Buchanan County,42.470328,-91.838666
IA,19021,Buena Vista County,42.741522,-95.141432
IA,19023,Butler County,42.734757,-92.780153
IA,19025,Calhoun County,42.386061,-94.643602
IA,19027,Carroll County,42.039502,-94.86765
IA,19029,Cass County,41.333823,-94.933301
IA,19031,Cedar County,41.77236,-91.132611
IA,19033,Cerro Gordo County,43.074975,-93.250965
IA,19035,Cherokee County,42.742737,-95.633262
IA,19037,Chickasaw County,43.059741,-92.31721
IA,19039,Clarke County,41.029726,-93.785259
IA,19041,Clay County,43.081224,-95.149875
IA,19043,Clayton County,42.840985,-91.323576
IA,19045,Clinton County,41.898073,-90.534243
IA,19047,Crawford County,42.043119,-95.38909
IA,19049,Dallas County,41.68532,-94.040706
IA,19051,Davis County,40.748089,-92.410345
IA,19053,Decatur County,40.736379,-93.78458
IA,19055,Delaware County,42.473014,-91.366767
IA,19057,Des Moines County,40.915339,-91.186925
IA,19059,Dickinson County,43.389611,-95.196057
IA,19061,Dubuque County,42.463481,-90.878771
IA,19063,Emmet County,43.377984,-94.66937
IA,19065,Fayette County,42.864122,-91.840376
IA,19067,Floyd County,43.052741,-92.787367
IA,19069,Franklin County,42.736545,-93.271415
IA,19071,Fremont County,40.74259,-95.599182
IA,19073,Greene County,42.042513,-94.388727
IA,19075,Grundy County,42.403339,-92.790244
IA,19077,Guthrie County,41.683573,-94.501272
IA,19079,Hamilton County,42.390789,-93.70913
IA,19081,Hancock County,43.075411,-93.743697
IA,19083,Hardin County,42.390208,-93.241669
IA,19085,Harrison County,41.688584,-95.827149
IA,19087,Henry County,40.984802,-91.547259
IA,19089,Howard County,43.365312,-92.321908
IA,19091,Humboldt County,42.782221,-94.202775
IA,19093,Ida County,42.39186,-95.507421
IA,19095,Iowa County,41.683918,-92.059123
IA,19097,Jackson County,42.164226,-90.574582
IA,19099,Jasper County,41.685551,-93.054147
IA,19101,Jefferson County,41.006376,-91.966628
IA,19103,Johnson County,41.670668,-91.590529
IA,19105,Jones County,42.125117,-91.116914
IA,19107,Keokuk County,41.331182,-92.167721
IA,19109,Kossuth County,43.212336,-94.213971
IA,19111,Lee County,40.647588,-91.477157
IA,19113,Linn County,42.077951,-91.597674
IA,19115,Louisa County,41.218211,-91.256994
IA,19117,Lucas County,41.033321,-93.331462
IA,19119,Lyon County,43.38358,-96.207201
IA,19121,Madison County,41.330622,-94.015184
IA,19123,Mahaska County,41.330797,-92.636366
IA,19125,Marion County,41.331433,-93.093868
IA,19127,Marshall County,42.0417,-92.981403
IA,19129,Mills County,41.033703,-95.619101
IA,19131,Mitchell County,43.348564,-92.784466
IA,19133,Monona County,42.049432,-95.956566
IA,19135,Monroe County,41.028847,-92.869642
IA,19137,Montgomery County,41.021735,-95.15779
IA,19139,Muscatine County,41.483776,-91.118699
IA,19141,O'Brien County,43.083746,-95.625624
IA,19143,Osceola County,43.378542,-95.633788
IA,19145,Page County,40.739097,-95.144301
IA,19147,Palo Alto County,43.075337,-94.669055
IA,19149,Plymouth County,42.737615,-96.215973
IA,19151,Pocahontas County,42.734033,-94.678279
IA,19153,Polk County,41.684816,-93.568971
IA,19155,Pottawattamie County,41.340184,-95.544905
IA,19157,Poweshiek County,41.684642,-92.522934
IA,19159,Ringgold County,40.735334,-94.244251
IA,19161,Sac County,42.387526,-95.105224
IA,19163,Scott County,41.642079,-90.622289
IA,19165,Shelby County,41.679014,-95.308917
IA,19167,Sioux County,43.082618,-96.17798
IA,19169,Story County,42.037538,-93.466093
IA,19171,Tama County,42.074848,-92.529411
IA,19173,Taylor County,40.737949,-94.697108
IA,19175,Union County,41.02855,-94.245091
IA,19177,Van Buren County,40.754117,-91.952943
IA,19179,Wapello County,41.031275,-92.409466
IA,19181,Warren County,41.332446,-93.568751
IA,19183,Washington County,41.329401,-91.725052
IA,19185,Wayne County,40.739983,-93.332613
IA,19187,Webster County,42.433579,-94.175831
IA,19189,Winnebago County,43.378124,-93.743488
IA,19191,Winneshiek County,43.292989,-91.850788
IA,19193,Woodbury County,42.39322,-96.053296
IA,19195,Worth County,43.373491,-93.248533
IA,19197,Wright County,42.733007,-93.734735
KS,20001,Allen County,37.884228,-95.300945
KS,20003,Anderson County,38.215114,-95.292046
KS,20005,Atchison County,39.532544,-95.313397
KS,20007,Barber County,37.222906,-98.685052
KS,20009,Barton County,38.481239,-98.767837
KS,20011,Bourbon County,37.8561,-94.850928
KS,20013,Brown County,39.825931,-95.569905
KS,20015,Butler County,37.773649,-96.83884
KS,20017,Chase County,38.299475,-96.594029
KS,20019,Chautauqua County,37.154259,-96.245396
KS,20021,Cherokee County,37.169392,-94.845698
KS,20023,Cheyenne County,39.789901,-101.727317
KS,20025,Clark County,37.233831,-99.813869
KS,20027,Clay County,39.344964,-97.168853
KS,20029,Cloud County,39.487329,-97.64139
KS,20031,Coffey County,38.23645,-95.729137
KS,20033,Comanche County,37.181442,-99.251293
KS,20035,Cowley County,37.234507,-96.837247
KS,20037,Crawford County,37.505821,-94.853897
KS,20039,Decatur County,39.783542,-100.459708
KS,20041,Dickinson County,38.867735,-97.157943
KS,20043,Doniphan County,39.788502,-95.147225
KS,20045,Douglas County,38.896417,-95.290947
KS,20047,Edwards County,37.883595,-99.304746
KS,20049,Elk County,37.456026,-96.244642
KS,20051,Ellis County,38.914597,-99.317313
KS,20053,Ellsworth County,38.700845,-98.205355
KS,20055,Finney County,38.049808,-100.739967
KS,20057,Ford County,37.68851,-99.884743
KS,20059,Franklin County,38.558019,-95.278962
KS,20061,Geary County,39.002139,-96.7681
KS,20063,Gove County,38.917239,-100.48736
KS,20065,Graham County,39.354972,-99.879894
KS,20067,Grant County,37.547539,-101.299362
KS,20069,Gray County,37.744513,-100.451715
KS,20071,Greeley County,38.480404,-101.80597
KS,20073,Greenwood County,37.879347,-96.241732
KS,20075,Hamilton County,37.995244,-101.793689
KS,20077,Harper County,37.188184,-98.06659
KS,20079,Harvey County,38.050144,-97.436706
KS,20081,Haskell County,37.554979,-100.879952
KS,20083,Hodgeman County,38.087493,-99.898407
KS,20085,Jackson County,39.411096,-95.794492
KS,20087,Jefferson County,39.239644,-95.375314
KS,20089,Jewell County,39.777005,-98.222619
KS,20091,Johnson County,38.883907,-94.82233
KS,20093,Kearny County,37.994461,-101.308136
KS,20095,Kingman County,37.552951,-98.144529
KS,20097,Kiowa County,37.561231,-99.286538
KS,20099,Labette County,37.191468,-95.297473
KS,20101,Lane County,38.481286,-100.466185
KS,20103,Leavenworth County,39.189511,-95.038977
KS,20105,Lincoln County,39.047228,-98.214381
KS,20107,Linn County,38.216549,-94.844932
KS,20109,Logan County,38.91327,-101.157402
KS,20111,Lyon County,38.455403,-96.161641
KS,20113,McPherson County,38.395812,-97.647489
KS,20115,Marion County,38.359647,-97.102771
KS,20117,Marshall County,39.782709,-96.521243
KS,20119,Meade County,37.243886,-100.360094
KS,20121,Miami County,38.566772,-94.832963
KS,20123,Mitchell County,39.393026,-98.207362
KS,20125,Montgomery County,37.189537,-95.742403
KS,20127,Morris County,38.688204,-96.651448
KS,20129,Morton County,37.185249,-101.809516
KS,20131,Nemaha County,39.791043,-96.005381
KS,20133,Neosho County,37.564283,-95.315682
KS,20135,Ness County,38.480437,-99.908745
KS,20137,Norton County,39.783867,-99.899235
KS,20139,Osage County,38.650215,-95.708255
KS,20141,Osborne County,39.348261,-98.767942
KS,20143,Ottawa County,39.137963,-97.654802
KS,20145,Pawnee County,38.181477,-99.234772
KS,20147,Phillips County,39.784506,-99.34215
KS,20149,Pottawatomie County,39.382187,-96.337113
KS,20151,Pratt County,37.647594,-98.74012
KS,20153,Rawlins County,39.786198,-101.076738
KS,20155,Reno County,37.948185,-98.078346
KS,20157,Republic County,39.828906,-97.650883
KS,20159,Rice County,38.347178,-98.201415
KS,20161,Riley County,39.29121,-96.727488
KS,20163,Rooks County,39.346006,-99.324492
KS,20165,Rush County,38.523596,-99.309184
KS,20167,Russell County,38.91604,-98.770949
KS,20169,Saline County,38.791804,-97.651478
KS,20171,Scott County,38.481877,-100.90636
KS,20173,Sedgwick County,37.681045,-97.461054
KS,20175,Seward County,37.18096,-100.855257
KS,20177,Shawnee County,39.041805,-95.755664
KS,20179,Sheridan County,39.350547,-100.441228
KS,20181,Sherman County,39.351352,-101.719859
KS,20183,Smith County,39.78466,-98.785429
KS,20185,Stafford County,38.03563,-98.719889
KS,20187,Stanton County,37.565932,-101.789383
KS,20189,Stevens County,37.2017,-101.317268
KS,20191,Sumner County,37.236662,-97.493352
KS,20193,Thomas County,39.357713,-101.083386
KS,20195,Trego County,38.921302,-99.865423
KS,20197,Wabaunsee County,38.955154,-96.201262
KS,20199,Wallace County,38.926626,-101.771103
KS,20201,Washington County,39.776715,-97.09561
KS,20203,Wichita County,38.481922,-101.347434
KS,20205,Wilson County,37.558515,-95.745175
KS,20207,Woodson County,37.888193,-95.758469
KS,20209,Wyandotte County,39.115384,-94.763087
KY,21001,Adair County,37.105559,-85.28138
KY,21003,Allen County,36.75077,-86.192458
KY,21005,Anderson County,38.005396,-84.986417
KY,21007,Ballard County,37.051323,-89.010367
KY,21009,Barren County,36.962805,-85.932108
KY,21011,Bath County,38.152249,-83.737641
KY,21013,Bell County,36.728928,-83.680718
KY,21015,Boone County,38.9589,-84.736371
KY,21017,Bourbon County,38.202562,-84.20986
KY,21019,Boyd County,38.360003,-82.681406
KY,21021,Boyle County,37.618104,-84.868352
KY,21023,Bracken County,38.680365,-84.115235
KY,21025,Breathitt County,37.517807,-83.317158
KY,21027,Breckinridge County,37.777988,-86.432919
KY,21029,Bullitt County,37.969945,-85.702635
KY,21031,Butler County,37.207013,-86.682471
KY,21033,Caldwell County,37.148642,-87.870509
KY,21035,Calloway County,36.620978,-88.274086
KY,21037,Campbell County,38.946981,-84.379583
KY,21039,Carlisle County,36.85718,-88.976614
KY,21041,Carroll County,38.668394,-85.124024
KY,21043,Carter County,38.314094,-83.038988
KY,21045,Casey County,37.321962,-84.92822
KY,21047,Christian County,36.892059,-87.492986
KY,21049,Clark County,37.970314,-84.145115
KY,21051,Clay County,37.164273,-83.715454
KY,21053,Clinton County,36.727258,-85.136098
KY,21055,Crittenden County,37.358149,-88.10501
KY,21057,Cumberland County,36.782372,-85.388484
KY,21059,Daviess County,37.731671,-87.087139
KY,21061,Edmonson County,37.227514,-86.218015
KY,21063,Elliott County,38.116883,-83.096116
KY,21065,Estill County,37.692449,-83.963983
KY,21067,Fayette County,38.040678,-84.458272
KY,21069,Fleming County,38.367848,-83.699205
KY,21071,Floyd County,37.552456,-82.739724
KY,21073,Franklin County,38.234919,-84.868786
KY,21075,Fulton County,36.552511,-89.187659
KY,21077,Gallatin County,38.755663,-84.865143
KY,21079,Garrard County,37.630162,-84.545856
KY,21081,Grant County,38.649167,-84.625924
KY,21083,Graves County,36.723344,-88.649897
KY,21085,Grayson County,37.458577,-86.344011
KY,21087,Green County,37.278065,-85.537925
KY,21089,Greenup County,38.563562,-82.93382
KY,21091,Hancock County,37.843325,-86.792761
KY,21093,Hardin County,37.695836,-85.963183
KY,21095,Harlan County,36.859223,-83.221497
KY,21097,Harrison County,38.444578,-84.334131
KY,21099,Hart County,37.305827,-85.878443
KY,21101,Henderson County,37.792542,-87.572577
KY,21103,Henry County,38.451383,-85.119647
KY,21105,Hickman County,36.675896,-88.972084
KY,21107,Hopkins County,37.31107,-87.542196
KY,21109,Jackson County,37.403458,-84.020576
KY,21111,Jefferson County,38.189532,-85.657624
KY,21113,Jessamine County,37.873291,-84.58396
KY,21115,Johnson County,37.847756,-82.830121
KY,21117,Kenton County,38.930503,-84.533438
KY,21119,Knott County,37.354368,-82.952546
KY,21121,Knox County,36.8885,-83.855551
KY,21123,Larue County,37.544462,-85.696841
KY,21125,Laurel County,37.113268,-84.119395
KY,21127,Lawrence County,38.074453,-82.73829
KY,21129,Lee County,37.608116,-83.719248
KY,21131,Leslie County,37.087846,-83.388617
KY,21133,Letcher County,37.118536,-82.861251
KY,21135,Lewis County,38.535047,-83.370143
KY,21137,Lincoln County,37.457174,-84.658335
KY,21139,Livingston County,37.209517,-88.363426
KY,21141,Logan County,36.859607,-86.881288
KY,21143,Lyon County,37.023976,-88.083391
KY,21145,McCracken County,37.054111,-88.712454
KY,21147,McCreary County,36.731136,-84.491052
KY,21149,McLean County,37.526707,-87.265597
KY,21151,Madison County,37.725511,-84.278362
KY,21153,Magoffin County,37.698983,-83.069721
KY,21155,Marion County,37.552604,-85.268959
KY,21157,Marshall County,36.882017,-88.332752
KY,21159,Martin County,37.796774,-82.506623
KY,21161,Mason County,38.594137,-83.828125
KY,21163,Meade County,37.967476,-86.200863
KY,21165,Menifee County,37.935485,-83.589355
KY,21167,Mercer County,37.812085,-84.879695
KY,21169,Metcalfe County,36.99243,-85.633456
KY,21171,Monroe County,36.714077,-85.713508
KY,21173,Montgomery County,38.038109,-83.912416
KY,21175,Morgan County,37.92294,-83.258944
KY,21177,Muhlenberg County,37.213816,-87.134092
KY,21179,Nelson County,37.80312,-85.465931
KY,21181,Nicholas County,38.338031,-84.026223
KY,21183,Ohio County,37.477859,-86.844871
KY,21185,Oldham County,38.400127,-85.45615
KY,21187,Owen County,38.499395,-84.84159
KY,21189,Owsley County,37.423622,-83.691637
KY,21191,Pendleton County,38.696284,-84.351943
KY,21193,Perry County,37.241282,-83.217772
KY,21195,Pike County,37.486031,-82.410912
KY,21197,Powell County,37.809567,-83.831235
KY,21199,Pulaski County,37.107428,-84.576969
KY,21201,Robertson County,38.513473,-84.06423
KY,21203,Rockcastle County,37.36105,-84.314368
KY,21205,Rowan County,38.204266,-83.428079
KY,21207,Russell County,36.990587,-85.05495
KY,21209,Scott County,38.28571,-84.57834
KY,21211,Shelby County,38.239011,-85.228247
KY,21213,Simpson County,36.740929,-86.581787
KY,21215,Spencer County,38.025313,-85.317312
KY,21217,Taylor County,37.36621,-85.328059
KY,21219,Todd County,36.840338,-87.183642
KY,21221,Trigg County,36.807681,-87.858652
KY,21223,Trimble County,38.62004,-85.351208
KY,21225,Union County,37.658029,-87.95165
KY,21227,Warren County,36.995634,-86.423579
KY,21229,Washington County,37.754209,-85.175416
KY,21231,Wayne County,36.800772,-84.82659
KY,21233,Webster County,37.520375,-87.685206
KY,21235,Whitley County,36.758024,-84.144648
KY,21237,Wolfe County,37.743893,-83.49511
KY,21239,Woodford County,38.043103,-84.748855
LA,22001,Acadia Parish,30.291497,-92.411037
LA,22003,Allen Parish,30.652744,-92.819605
LA,22005,Ascension Parish,30.206444,-90.912502
LA,22007,Assumption Parish,29.9033,-91.065219
LA,22009,Avoyelles Parish,31.088503,-91.983275
LA,22011,Beauregard Parish,30.645018,-93.340253
LA,22013,Bienville Parish,32.340952,-93.041151
LA,22015,Bossier Parish,32.698481,-93.626561
LA,22017,Caddo Parish,32.580106,-93.88497
LA,22019,Calcasieu Parish,30.229559,-93.358015
LA,22021,Caldwell Parish,32.101219,-92.114231
LA,22023,Cameron Parish,29.871812,-93.164948
LA,22025,Catahoula Parish,31.666517,-91.846703
LA,22027,Claiborne Parish,32.82716,-92.989728
LA,22029,Concordia Parish,31.469805,-91.626315
LA,22031,De Soto Parish,32.059248,-93.740797
LA,22033,East Baton Rouge Parish,30.54393,-91.093131
LA,22035,East Carroll Parish,32.73017,-91.234141
LA,22037,East Feliciana Parish,30.839784,-91.043434
LA,22039,Evangeline Parish,30.720693,-92.404086
LA,22041,Franklin Parish,32.139076,-91.672371
LA,22043,Grant Parish,31.597787,-92.561716
LA,22045,Iberia Parish,29.606013,-91.842706
LA,22047,Iberville Parish,30.270658,-91.36587
LA,22049,Jackson Parish,32.30429,-92.5617
LA,22051,Jefferson Parish,29.5033,-90.036231
LA,22053,Jefferson Davis Parish,30.269529,-92.816221
LA,22055,Lafayette Parish,30.206507,-92.06417
LA,22057,Lafourche Parish,29.491992,-90.394849
LA,22059,LaSalle Parish,31.680083,-92.161596
LA,22061,Lincoln Parish,32.601823,-92.662303
LA,22063,Livingston Parish,30.440419,-90.727474
LA,22065,Madison Parish,32.346878,-91.231932
LA,22067,Morehouse Parish,32.820008,-91.800399
LA,22069,Natchitoches Parish,31.732509,-93.082546
LA,22071,Orleans Parish,30.05342,-89.934502
LA,22073,Ouachita Parish,32.480932,-92.151581
LA,22075,Plaquemines Parish,29.282447,-89.576068
LA,22077,Pointe Coupee Parish,30.708319,-91.604621
LA,22079,Rapides Parish,31.193204,-92.535953
LA,22081,Red River Parish,32.101213,-93.34905
LA,22083,Richland Parish,32.413158,-91.748353
LA,22085,Sabine Parish,31.560402,-93.559579
LA,22087,St. Bernard Parish,29.91811,-89.263494
LA,22089,St. Charles Parish,29.905722,-90.357855
LA,22091,St. Helena Parish,30.822539,-90.708307
LA,22093,St. James Parish,30.024777,-90.793956
LA,22095,St. John the Baptist Parish,30.144068,-90.49096
LA,22097,St. Landry Parish,30.583441,-91.989274
LA,22099,St. Martin Parish,30.121433,-91.611481
LA,22101,St. Mary Parish,29.629349,-91.463804
LA,22103,St. Tammany Parish,30.410022,-89.951962
LA,22105,Tangipahoa Parish,30.621348,-90.40649
LA,22107,Tensas Parish,32.001489,-91.342576
LA,22109,Terrebonne Parish,29.33413,-90.843674
LA,22111,Union Parish,32.829349,-92.37565
LA,22113,Vermilion Parish,29.806638,-92.321394
LA,22115,Vernon Parish,31.102841,-93.18833
LA,22117,Washington Parish,30.852144,-90.046253
LA,22119,Webster Parish,32.732152,-93.339825
LA,22121,West Baton Rouge Parish,30.464052,-91.309808
LA,22123,West Carroll Parish,32.79248,-91.451998
LA,22125,West Feliciana Parish,30.873364,-91.421776
LA,22127,Winn Parish,31.941187,-92.641269
ME,23001,Androscoggin County,44.167681,-70.207435
ME,23003,Aroostook County,46.709193,-68.612409
ME,23005,Cumberland County,43.808348,-70.330375
ME,23007,Franklin County,44.976724,-70.414935
ME,23009,Hancock County,44.564906,-68.370703
ME,23011,Kennebec County,44.417012,-69.765764
ME,23013,Knox County,44.042045,-69.038514
ME,23015,Lincoln County,43.994781,-69.513624
ME,23017,Oxford County,44.4945,-70.734421
ME,23019,Penobscot County,45.409284,-68.666616
ME,23021,Piscataquis County,45.915639,-69.102231
ME,23023,Sagadahoc County,43.916845,-69.844227
ME,23025,Somerset County,45.503646,-69.95611
ME,23027,Waldo County,44.475023,-69.117429
ME,23029,Washington County,44.967009,-67.609354
ME,23031,York County,43.426019,-70.668425
MD,24001,Allegany County,39.612313,-78.703104
MD,24003,Anne Arundel County,38.991617,-76.560894
MD,24005,Baltimore County,39.443167,-76.616569
MD,24009,Calvert County,38.522719,-76.529762
MD,24011,Caroline County,38.871531,-75.831662
MD,24013,Carroll County,39.563328,-77.01533
MD,24015,Cecil County,39.562354,-75.941585
MD,24017,Charles County,38.472854,-77.015428
MD,24019,Dorchester County,38.429196,-76.047433
MD,24021,Frederick County,39.470176,-77.397636
MD,24023,Garrett County,39.547299,-79.274619
MD,24025,Harford County,39.537429,-76.299789
MD,24027,Howard County,39.252264,-76.924406
MD,24029,Kent County,39.241279,-76.125986
MD,24031,Montgomery County,39.137381,-77.203063
MD,24033,Prince George's County,38.829278,-76.848188
MD,24035,Queen Anne's County,39.047013,-76.085841
MD,24037,St. Mary's County,38.223077,-76.534487
MD,24039,Somerset County,38.07445,-75.853323
MD,24041,Talbot County,38.748349,-76.178476
MD,24043,Washington County,39.603621,-77.814671
MD,24045,Wicomico County,38.367369,-75.632086
MD,24047,Worcester County,38.222133,-75.309931
MD,24510,Baltimore city,39.300032,-76.610476
MA,25001,Barnstable County,41.706123,-70.164823
MA,25003,Berkshire County,42.371493,-73.217928
MA,25005,Bristol County,41.748588,-71.088894
MA,25007,Dukes County,41.38097,-70.701499
MA,25009,Essex County,42.642708,-70.864909
MA,25011,Franklin County,42.584504,-72.591792
MA,25013,Hampden County,42.136198,-72.635647
MA,25015,Hampshire County,42.33946,-72.663692
MA,25017,Middlesex County,42.481721,-71.394916
MA,25019,Nantucket County,41.293392,-70.102164
MA,25021,Norfolk County,42.171741,-71.181111
MA,25023,Plymouth County,41.987196,-70.741942
MA,25025,Suffolk County,42.338551,-71.018253
MA,25027,Worcester County,42.311693,-71.940282
MI,26001,Alcona County,44.657509,-83.29458
MI,26003,Alger County,46.521736,-86.657119
MI,26005,Allegan County,42.421251,-86.261403
MI,26007,Alpena County,44.894954,-83.426574
MI,26009,Antrim County,45.005455,-85.175639
MI,26011,Arenac County,44.036833,-83.740675
MI,26013,Baraga County,46.695859,-88.36181
MI,26015,Barry County,42.582811,-85.31455
MI,26017,Bay County,43.699711,-83.978701
MI,26019,Benzie County,44.636844,-86.231999
MI,26021,Berrien County,41.791382,-86.742543
MI,26023,Branch County,41.918455,-85.066885
MI,26025,Calhoun County,42.24299,-85.012385
MI,26027,Cass County,41.917243,-86.000142
MI,26029,Charlevoix County,45.618554,-85.543684
MI,26031,Cheboygan County,45.476022,-84.495431
MI,26033,Chippewa County,46.321819,-84.52063
MI,26035,Clare County,43.991137,-84.838325
MI,26037,Clinton County,42.950455,-84.591695
MI,26039,Crawford County,44.680175,-84.611343
MI,26041,Delta County,45.805229,-86.901938
MI,26043,Dickinson County,46.012833,-87.866139
MI,26045,Eaton County,42.58953,-84.84645
MI,26047,Emmet County,45.590094,-84.986822
MI,26049,Genesee County,43.021077,-83.706372
MI,26051,Gladwin County,43.98975,-84.389816
MI,26053,Gogebic County,46.488054,-89.788314
MI,26055,Grand Traverse County,44.718688,-85.553848
MI,26057,Gratiot County,43.292326,-84.60469
MI,26059,Hillsdale County,41.927461,-84.637479
MI,26061,Houghton County,46.998427,-88.651903
MI,26063,Huron County,43.907616,-82.857045
MI,26065,Ingham County,42.603534,-84.373811
MI,26067,Ionia County,42.94465,-85.073766
MI,26069,Iosco County,44.386912,-83.380141
MI,26071,Iron County,46.170254,-88.540526
MI,26073,Isabella County,43.645233,-84.839424
MI,26075,Jackson County,42.248474,-84.420868
MI,26077,Kalamazoo County,42.246266,-85.532854
MI,26079,Kalkaska County,44.678881,-85.088992
MI,26081,Kent County,43.032497,-85.547446
MI,26083,Keweenaw County,47.367297,-88.351332
MI,26085,Lake County,43.995187,-85.8114
MI,26087,Lapeer County,43.088633,-83.224325
MI,26089,Leelanau County,45.146182,-86.051574
MI,26091,Lenawee County,41.896022,-84.074356
MI,26093,Livingston County,42.602532,-83.911718
MI,26095,Luce County,46.510988,-85.517552
MI,26097,Mackinac County,46.167868,-85.303762
MI,26099,Macomb County,42.671553,-82.911456
MI,26101,Manistee County,44.245268,-86.327537
MI,26103,Marquette County,46.656596,-87.584028
MI,26105,Mason County,43.957196,-86.442937
MI,26107,Mecosta County,43.635295,-85.332751
MI,26109,Menominee County,45.535568,-87.501457
MI,26111,Midland County,43.648203,-84.379414
MI,26113,Missaukee County,44.325424,-85.085471
MI,26115,Monroe County,41.916097,-83.487106
MI,26117,Montcalm County,43.312782,-85.149468
MI,26119,Montmorency County,45.024134,-84.130107
MI,26121,Muskegon County,43.428739,-86.420908
MI,26123,Newaygo County,43.562712,-85.791372
MI,26125,Oakland County,42.660452,-83.38421
MI,26127,Oceana County,43.603954,-86.467177
MI,26129,Ogemaw County,44.33328,-84.128073
MI,26131,Ontonagon County,46.835203,-89.276943
MI,26133,Osceola County,43.997552,-85.322283
MI,26135,Oscoda County,44.687257,-84.126905
MI,26137,Otsego County,45.021787,-84.576603
MI,26139,Ottawa County,43.054969,-86.219349
MI,26141,Presque Isle County,45.252397,-83.432283
MI,26143,Roscommon County,44.339517,-84.611271
MI,26145,Saginaw County,43.328267,-84.05541
MI,26147,St. Clair County,42.928803,-82.668913
MI,26149,St. Joseph County,41.911488,-85.52287
MI,26151,Sanilac County,43.449155,-82.642815
MI,26153,Schoolcraft County,46.021122,-86.197029
MI,26155,Shiawassee County,42.951545,-84.146352
MI,26157,Tuscola County,43.487902,-83.436618
MI,26159,Van Buren County,42.28215,-86.306076
MI,26161,Washtenaw County,42.252217,-83.843423
MI,26163,Wayne County,42.284664,-83.261953
MI,26165,Wexford County,44.331375,-85.570046
MN,27001,Aitkin County,46.602409,-93.419694
MN,27003,Anoka County,45.27411,-93.242723
MN,27005,Becker County,46.937629,-95.741757
MN,27007,Beltrami County,47.879508,-95.00505
MN,27009,Benton County,45.701225,-94.00144
MN,27011,Big Stone County,45.419925,-96.402226
MN,27013,Blue Earth County,44.03371,-94.064012
MN,27015,Brown County,44.246541,-94.733647
MN,27017,Carlton County,46.603818,-92.671044
MN,27019,Carver County,44.821321,-93.800093
MN,27021,Cass County,46.951745,-94.333705
MN,27023,Chippewa County,45.028626,-95.564108
MN,27025,Chisago County,45.505444,-92.903849
MN,27027,Clay County,46.898377,-96.494901
MN,27029,Clearwater County,47.575873,-95.371117
MN,27031,Cook County,47.758556,-90.344319
MN,27033,Cottonwood County,44.010639,-95.183152
MN,27035,Crow Wing County,46.491653,-94.070718
MN,27037,Dakota County,44.670893,-93.062481
MN,27039,Dodge County,44.020706,-92.869353
MN,27041,Douglas County,45.936835,-95.462155
MN,27043,Faribault County,43.676522,-93.947234
MN,27045,Fillmore County,43.679187,-92.093937
MN,27047,Freeborn County,43.674202,-93.350289
MN,27049,Goodhue County,44.406178,-92.716
MN,27051,Grant County,45.930743,-96.010699
MN,27053,Hennepin County,45.006121,-93.475228
MN,27055,Houston County,43.66699,-91.501556
MN,27057,Hubbard County,47.095551,-94.91329
MN,27059,Isanti County,45.562431,-93.296339
MN,27061,Itasca County,47.490817,-93.611102
MN,27063,Jackson County,43.671111,-95.149731
MN,27065,Kanabec County,45.94776,-93.297788
MN,27067,Kandiyohi County,45.152714,-95.004981
MN,27069,Kittson County,48.77604,-96.780349
MN,27071,Koochiching County,48.245374,-93.782896
MN,27073,Lac qui Parle County,44.999826,-96.176852
MN,27075,Lake County,47.517111,-91.411704
MN,27077,Lake of the Woods County,48.7681,-94.904633
MN,27079,Le Sueur County,44.373421,-93.730106
MN,27081,Lincoln County,44.408238,-96.272032
MN,27083,Lyon County,44.409195,-95.847268
MN,27085,McLeod County,44.821657,-94.272323
MN,27087,Mahnomen County,47.328387,-95.811089
MN,27089,Marshall County,48.362728,-96.357761
MN,27091,Martin County,43.677173,-94.547096
MN,27093,Meeker County,45.123155,-94.527346
MN,27095,Mille Lacs County,45.929266,-93.632748
MN,27097,Morrison County,46.020484,-94.266619
MN,27099,Mower County,43.666249,-92.759514
MN,27101,Murray County,44.015594,-95.761581
MN,27103,Nicollet County,44.35882,-94.245684
MN,27105,Nobles County,43.677686,-95.763132
MN,27107,Norman County,47.329453,-96.463776
MN,27109,Olmsted County,43.999688,-92.410155
MN,27111,Otter Tail County,46.405727,-95.714581
MN,27113,Pennington County,48.069247,-96.037725
MN,27115,Pine County,46.10085,-92.763091
MN,27117,Pipestone County,44.015361,-96.257015
MN,27119,Polk County,47.774254,-96.400027
MN,27121,Pope County,45.589623,-95.446705
MN,27123,Ramsey County,45.015204,-93.099965
MN,27125,Red Lake County,47.865487,-96.08718
MN,27127,Redwood County,44.403536,-95.254241
MN,27129,Renville County,44.723697,-94.955616
MN,27131,Rice County,44.350775,-93.298513
MN,27133,Rock County,43.669587,-96.263238
MN,27135,Roseau County,48.761069,-95.821505
MN,27137,St. Louis County,47.578635,-92.514585
MN,27139,Scott County,44.651811,-93.533733
MN,27141,Sherburne County,45.453166,-93.769164
MN,27143,Sibley County,44.575734,-94.230123
MN,27145,Stearns County,45.555233,-94.610483
MN,27147,Steele County,44.015181,-93.236065
MN,27149,Stevens County,45.593461,-95.992315
MN,27151,Swift County,45.27581,-95.690124
MN,27153,Todd County,46.066569,-94.900576
MN,27155,Traverse County,45.769935,-96.474832
MN,27157,Wabasha County,44.289634,-92.233454
MN,27159,Wadena County,46.586985,-94.988608
MN,27161,Waseca County,44.01846,-93.589844
MN,27163,Washington County,45.037929,-92.890117
MN,27165,Watonwan County,43.978109,-94.613798
MN,27167,Wilkin County,46.362335,-96.476657
MN,27169,Winona County,43.981353,-91.777044
MN,27171,Wright County,45.174921,-93.966482
MN,27173,Yellow Medicine County,44.715736,-95.862756
MS,28001,Adams County,31.486224,-91.351797
MS,28003,Alcorn County,34.886569,-88.581109
MS,28005,Amite County,31.203933,-90.795542
MS,28007,Attala County,33.090468,-89.588622
MS,28009,Benton County,34.809593,-89.200213
MS,28011,Bolivar County,33.799139,-90.88412
MS,28013,Calhoun County,33.936634,-89.337114
MS,28015,Carroll County,33.440795,-89.918887
MS,28017,Chickasaw County,33.933277,-88.947558
MS,28019,Choctaw County,33.345964,-89.251332
MS,28021,Claiborne County,31.97281,-90.915424
MS,28023,Clarke County,32.045374,-88.687976
MS,28025,Clay County,33.65967,-88.782468
MS,28027,Coahoma County,34.230316,-90.60401
MS,28029,Copiah County,31.866915,-90.448758
MS,28031,Covington County,31.633331,-89.548897
MS,28033,DeSoto County,34.874922,-89.991211
MS,28035,Forrest County,31.18858,-89.259447
MS,28037,Franklin County,31.477773,-90.895457
MS,28039,George County,30.85543,-88.642268
MS,28041,Greene County,31.212845,-88.634811
MS,28043,Grenada County,33.770031,-89.80274
MS,28045,Hancock County,30.391641,-89.482791
MS,28047,Harrison County,30.416536,-89.083376
MS,28049,Hinds County,32.267788,-90.466016
MS,28051,Holmes County,33.125942,-90.091197
MS,28053,Humphreys County,33.130996,-90.523421
MS,28055,Issaquena County,32.755539,-91.003535
MS,28057,Itawamba County,34.281075,-88.363127
MS,28059,Jackson County,30.456005,-88.625101
MS,28061,Jasper County,32.016748,-89.119176
MS,28063,Jefferson County,31.733633,-91.043878
MS,28065,Jefferson Davis County,31.564808,-89.827086
MS,28067,Jones County,31.616601,-89.168532
MS,28069,Kemper County,32.750136,-88.625631
MS,28071,Lafayette County,34.353078,-89.485385
MS,28073,Lamar County,31.197586,-89.506369
MS,28075,Lauderdale County,32.404017,-88.660451
MS,28077,Lawrence County,31.550009,-90.10753
MS,28079,Leake County,32.76063,-89.52225
MS,28081,Lee County,34.29237,-88.682439
MS,28083,Leflore County,33.54979,-90.294934
MS,28085,Lincoln County,31.535216,-90.453566
MS,28087,Lowndes County,33.471424,-88.439723
MS,28089,Madison County,32.63437,-90.03416
MS,28091,Marion County,31.23151,-89.822307
MS,28093,Marshall County,34.76619,-89.504231
MS,28095,Monroe County,33.89003,-88.485038
MS,28097,Montgomery County,33.500714,-89.639625
MS,28099,Neshoba County,32.752518,-89.119274
MS,28101,Newton County,32.40197,-89.118412
MS,28103,Noxubee County,33.106606,-88.566152
MS,28105,Oktibbeha County,33.422354,-88.876159
MS,28107,Panola County,34.365205,-89.963065
MS,28109,Pearl River County,30.774793,-89.586904
MS,28111,Perry County,31.169307,-88.988755
MS,28113,Pike County,31.177516,-90.397725
MS,28115,Pontotoc County,34.227081,-89.037239
MS,28117,Prentiss County,34.620566,-88.522184
MS,28119,Quitman County,34.252833,-90.290171
MS,28121,Rankin County,32.267123,-89.946063
MS,28123,Scott County,32.411959,-89.533486
MS,28125,Sharkey County,32.892395,-90.827613
MS,28127,Simpson County,31.902505,-89.917709
MS,28129,Smith County,32.019029,-89.494876
MS,28131,Stone County,30.790184,-89.112297
MS,28133,Sunflower County,33.605529,-90.59509
MS,28135,Tallahatchie County,33.954529,-90.172243
MS,28137,Tate County,34.649553,-89.943105
MS,28139,Tippah County,34.763618,-88.918819
MS,28141,Tishomingo County,34.738835,-88.234827
MS,28143,Tunica County,34.652201,-90.37177
MS,28145,Union County,34.489533,-89.002339
MS,28147,Walthall County,31.164492,-90.103431
MS,28149,Warren County,32.356095,-90.852384
MS,28151,Washington County,33.273174,-90.944446
MS,28153,Wayne County,31.642503,-88.678214
MS,28155,Webster County,33.612061,-89.283961
MS,28157,Wilkinson County,31.161091,-91.324617
MS,28159,Winston County,33.078724,-89.037391
MS,28161,Yalobusha County,34.030666,-89.703807
MS,28163,Yazoo County,32.765675,-90.387928
MO,29001,Adair County,40.190666,-92.603592
MO,29003,Andrew County,39.988863,-94.803552
MO,29005,Atchison County,40.431846,-95.437555
MO,29007,Audrain County,39.214481,-91.843418
MO,29009,Barry County,36.699376,-93.834334
MO,29011,Barton County,37.50091,-94.344059
MO,29013,Bates County,38.257217,-94.339246
MO,29015,Benton County,38.301036,-93.287942
MO,29017,Bollinger County,37.318427,-90.024645
MO,29019,Boone County,38.989861,-92.310202
MO,29021,Buchanan County,39.660369,-94.808173
MO,29023,Butler County,36.71518,-90.40313
MO,29025,Caldwell County,39.658998,-93.979179
MO,29027,Callaway County,38.835547,-91.923446
MO,29029,Camden County,38.026504,-92.765328
MO,29031,Cape Girardeau County,37.384141,-89.685658
MO,29033,Carroll County,39.427375,-93.500226
MO,29035,Carter County,36.944858,-90.945705
MO,29037,Cass County,38.646474,-94.354547
MO,29039,Cedar County,37.733655,-93.850014
MO,29041,Chariton County,39.517968,-92.96162
MO,29043,Christian County,36.969739,-93.187614
MO,29045,Clark County,40.407275,-91.729472
MO,29047,Clay County,39.315551,-94.421502
MO,29049,Clinton County,39.608723,-94.395803
MO,29051,Cole County,38.503233,-92.280027
MO,29053,Cooper County,38.847093,-92.810069
MO,29055,Crawford County,37.966559,-91.313936
MO,29057,Dade County,37.43235,-93.854878
MO,29059,Dallas County,37.683582,-93.033815
MO,29061,Daviess County,39.962839,-93.970053
MO,29063,DeKalb County,39.894665,-94.40719
MO,29065,Dent County,37.603072,-91.489717
MO,29067,Douglas County,36.946517,-92.515892
MO,29069,Dunklin County,36.153025,-90.062254
MO,29071,Franklin County,38.413003,-91.072832
MO,29073,Gasconade County,38.441182,-91.505782
MO,29075,Gentry County,40.208127,-94.405321
MO,29077,Greene County,37.258196,-93.340641
MO,29079,Grundy County,40.11254,-93.565054
MO,29081,Harrison County,40.34562,-93.992582
MO,29083,Henry County,38.386491,-93.792628
MO,29085,Hickory County,37.93691,-93.322988
MO,29087,Holt County,40.095724,-95.219072
MO,29089,Howard County,39.143365,-92.695926
MO,29091,Howell County,36.774369,-91.887368
MO,29093,Iron County,37.625971,-90.699587
MO,29095,Jackson County,39.005364,-94.343211
MO,29097,Jasper County,37.205197,-94.337259
MO,29099,Jefferson County,38.257629,-90.54368
MO,29101,Johnson County,38.74153,-93.811866
MO,29103,Knox County,40.136856,-92.146835
MO,29105,Laclede County,37.659698,-92.594843
MO,29107,Lafayette County,39.068713,-93.802641
MO,29109,Lawrence County,37.106611,-93.830542
MO,29111,Lewis County,40.084559,-91.728803
MO,29113,Lincoln County,39.062255,-90.962916
MO,29115,Linn County,39.86444,-93.108019
MO,29117,Livingston County,39.778587,-93.548201
MO,29119,McDonald County,36.627955,-94.343716
MO,29121,Macon County,39.829795,-92.56434
MO,29123,Madison County,37.474481,-90.343413
MO,29125,Maries County,38.162615,-91.923601
MO,29127,Marion County,39.807538,-91.635379
MO,29129,Mercer County,40.421413,-93.567631
MO,29131,Miller County,38.21668,-92.429876
MO,29133,Mississippi County,36.826264,-89.295929
MO,29135,Moniteau County,38.633037,-92.583642
MO,29137,Monroe County,39.49827,-92.006458
MO,29139,Montgomery County,38.935184,-91.465427
MO,29141,Morgan County,38.420806,-92.874835
MO,29143,New Madrid County,36.594261,-89.655948
MO,29145,Newton County,36.908371,-94.335034
MO,29147,Nodaway County,40.361136,-94.883146
MO,29149,Oregon County,36.68531,-91.401827
MO,29151,Osage County,38.464252,-91.859504
MO,29153,Ozark County,36.64959,-92.458549
MO,29155,Pemiscot County,36.209916,-89.785942
MO,29157,Perry County,37.71113,-89.802125
MO,29159,Pettis County,38.727388,-93.28519
MO,29161,Phelps County,37.866326,-91.79035
MO,29163,Pike County,39.339959,-91.171607
MO,29165,Platte County,39.37869,-94.761476
MO,29167,Polk County,37.616761,-93.400817
MO,29169,Pulaski County,37.824835,-92.207022
MO,29171,Putnam County,40.478606,-93.014531
MO,29173,Ralls County,39.553455,-91.524787
MO,29175,Randolph County,39.439249,-92.492959
MO,29177,Ray County,39.308401,-93.995746
MO,29179,Reynolds County,37.366464,-90.972282
MO,29181,Ripley County,36.65017,-90.874834
MO,29183,St. Charles County,38.781102,-90.674915
MO,29185,St. Clair County,38.04223,-93.77656
MO,29186,Ste. Genevieve County,37.885845,-90.161531
MO,29187,St. Francois County,37.810707,-90.473868
MO,29189,St. Louis County,38.640438,-90.445497
MO,29195,Saline County,39.13584,-93.204164
MO,29197,Schuyler County,40.469361,-92.519016
MO,29199,Scotland County,40.447686,-92.142824
MO,29201,Scott County,37.047793,-89.568098
MO,29203,Shannon County,37.152498,-91.391328
MO,29205,Shelby County,39.797531,-92.088719
MO,29207,Stoddard County,36.851557,-89.947481
MO,29209,Stone County,36.745822,-93.457842
MO,29211,Sullivan County,40.209588,-93.109784
MO,29213,Taney County,36.649827,-93.042819
MO,29215,Texas County,37.314257,-91.964478
MO,29217,Vernon County,37.850232,-94.341701
MO,29219,Warren County,38.761902,-91.159306
MO,29221,Washington County,37.942611,-90.897018
MO,29223,Wayne County,37.111074,-90.453931
MO,29225,Webster County,37.280804,-92.87608
MO,29227,Worth County,40.480499,-94.419198
MO,29229,Wright County,37.267633,-92.479989
MO,29510,St. Louis city,38.635699,-90.244582
MT,30001,Beaverhead County,45.133863,-112.892869
MT,30003,Big Horn County,45.407868,-107.518162
MT,30005,Blaine County,48.428282,-108.967648
MT,30007,Broadwater County,46.329849,-111.497873
MT,30009,Carbon County,45.224468,-109.028554
MT,30011,Carter County,45.516825,-104.515324
MT,30013,Cascade County,47.316575,-111.350262
MT,30015,Chouteau County,47.886834,-110.4362
MT,30017,Custer County,46.261414,-105.550352
MT,30019,Daniels County,48.794429,-105.541739
MT,30021,Dawson County,47.26613,-104.898271
MT,30023,Deer Lodge County,46.094672,-113.141624
MT,30025,Fallon County,46.318184,-104.405718
MT,30027,Fergus County,47.221816,-109.232956
MT,30029,Flathead County,48.295422,-114.052059
MT,30031,Gallatin County,45.518054,-111.163921
MT,30033,Garfield County,47.267184,-106.995991
MT,30035,Glacier County,48.705671,-112.990502
MT,30037,Golden Valley County,46.380624,-109.174586
MT,30039,Granite County,46.395955,-113.427356
MT,30041,Hill County,48.631959,-110.106321
MT,30043,Jefferson County,46.124232,-112.059428
MT,30045,Judith Basin County,47.032558,-110.30532
MT,30047,Lake County,47.642901,-114.083687
MT,30049,Lewis and Clark County,47.122105,-112.38289
MT,30051,Liberty County,48.559654,-111.036924
MT,30053,Lincoln County,48.552385,-115.463185
MT,30055,McCone County,47.629628,-105.757222
MT,30057,Madison County,45.32529,-111.913791
MT,30059,Meagher County,46.5857,-110.92174
MT,30061,Mineral County,47.129687,-115.085385
MT,30063,Missoula County,47.027263,-113.892691
MT,30065,Musselshell County,46.505281,-108.439763
MT,30067,Park County,45.463081,-110.53493
MT,30069,Petroleum County,47.141917,-108.226575
MT,30071,Phillips County,48.250143,-107.928897
MT,30073,Pondera County,48.228604,-112.220761
MT,30075,Powder River County,45.408926,-105.555344
MT,30077,Powell County,46.844225,-112.9311
MT,30079,Prairie County,46.812388,-105.503938
MT,30081,Ravalli County,46.077744,-114.105795
MT,30083,Richland County,47.785633,-104.563408
MT,30085,Roosevelt County,48.282747,-104.99517
MT,30087,Rosebud County,46.173206,-106.666792
MT,30089,Sanders County,47.756497,-115.180306
MT,30091,Sheridan County,48.705587,-104.533916
MT,30093,Silver Bow County,45.896232,-112.660071
MT,30095,Stillwater County,45.658878,-109.381705
MT,30097,Sweet Grass County,45.811292,-109.944796
MT,30099,Teton County,47.819035,-112.281725
MT,30101,Toole County,48.645125,-111.733472
MT,30103,Treasure County,46.227113,-107.275296
MT,30105,Valley County,48.34985,-106.670424
MT,30107,Wheatland County,46.496967,-109.857684
MT,30109,Wibaux County,46.962966,-104.274518
MT,30111,Yellowstone County,45.936987,-108.276656
NE,31001,Adams County,40.520632,-98.500044
NE,31003,Antelope County,42.183225,-98.058037
NE,31005,Arthur County,41.57193,-101.695917
NE,31007,Banner County,41.53975,-103.726263
NE,31009,Blaine County,41.931945,-99.996407
NE,31011,Boone County,41.703934,-98.070476
NE,31013,Box Butte County,42.21038,-103.081779
NE,31015,Boyd County,42.894448,-98.773022
NE,31017,Brown County,42.359562,-99.92392
NE,31019,Buffalo County,40.855265,-99.074984
NE,31021,Burt County,41.854179,-96.337746
NE,31023,Butler County,41.226054,-97.132003
NE,31025,Cass County,40.909878,-96.140609
NE,31027,Cedar County,42.60456,-97.25687
NE,31029,Chase County,40.53039,-101.694192
NE,31031,Cherry County,42.571323,-101.047653
NE,31033,Cheyenne County,41.214236,-103.011929
NE,31035,Clay County,40.523669,-98.050858
NE,31037,Colfax County,41.57496,-97.088945
NE,31039,Cuming County,41.915865,-96.788517
NE,31041,Custer County,41.393893,-99.726866
NE,31043,Dakota County,42.391624,-96.561327
NE,31045,Dawes County,42.713038,-103.135436
NE,31047,Dawson County,40.86784,-99.815583
NE,31049,Deuel County,41.111903,-102.332609
NE,31051,Dixon County,42.485086,-96.855784
NE,31053,Dodge County,41.577008,-96.645852
NE,31055,Douglas County,41.297091,-96.154066
NE,31057,Dundy County,40.180165,-101.681133
NE,31059,Fillmore County,40.52504,-97.596705
NE,31061,Franklin County,40.183203,-98.96208
NE,31063,Frontier County,40.530947,-100.406683
NE,31065,Furnas County,40.192252,-99.908637
NE,31067,Gage County,40.255234,-96.683453
NE,31069,Garden County,41.633364,-102.302985
NE,31071,Garfield County,41.906912,-98.951283
NE,31073,Gosper County,40.509095,-99.823206
NE,31075,Grant County,41.913957,-101.755965
NE,31077,Greeley County,41.567563,-98.530567
NE,31079,Hall County,40.866027,-98.502663
NE,31081,Hamilton County,40.872817,-98.022329
NE,31083,Harlan County,40.178766,-99.403418
NE,31085,Hayes County,40.537234,-101.047963
NE,31087,Hitchcock County,40.176896,-101.044217
NE,31089,Holt County,42.459287,-98.784766
NE,31091,Hooker County,41.920317,-101.117324
NE,31093,Howard County,41.216851,-98.513342
NE,31095,Jefferson County,40.175736,-97.143103
NE,31097,Johnson County,40.394955,-96.265264
NE,31099,Kearney County,40.50912,-98.947602
NE,31101,Keith County,41.194245,-101.644449
NE,31103,Keya Paha County,42.87548,-99.718351
NE,31105,Kimball County,41.199274,-103.703153
NE,31107,Knox County,42.634404,-97.891349
NE,31109,Lancaster County,40.783547,-96.688658
NE,31111,Lincoln County,41.050323,-100.74448
NE,31113,Logan County,41.542155,-100.443665
NE,31115,Loup County,41.898204,-99.514525
NE,31117,McPherson County,41.648414,-101.120851
NE,31119,Madison County,41.90993,-97.606856
NE,31121,Merrick County,41.16979,-98.031057
NE,31123,Morrill County,41.732204,-102.990594
NE,31125,Nance County,41.402385,-97.991408
NE,31127,Nemaha County,40.387238,-95.852461
NE,31129,Nuckolls County,40.176492,-98.046842
NE,31131,Otoe County,40.637992,-96.131027
NE,31133,Pawnee County,40.137797,-96.245214
NE,31135,Perkins County,40.857624,-101.62747
NE,31137,Phelps County,40.516365,-99.406557
NE,31139,Pierce County,42.271413,-97.610992
NE,31141,Platte County,41.576866,-97.513467
NE,31143,Polk County,41.187925,-97.570663
NE,31145,Red Willow County,40.16942,-100.468576
NE,31147,Richardson County,40.123743,-95.718603
NE,31149,Rock County,42.394749,-99.420851
NE,31151,Saline County,40.516802,-97.131755
NE,31153,Sarpy County,41.115064,-96.109125
NE,31155,Saunders County,41.222966,-96.642696
NE,31157,Scotts Bluff County,41.850506,-103.703021
NE,31159,Seward County,40.871944,-97.140383
NE,31161,Sheridan County,42.512289,-102.36828
NE,31163,Sherman County,41.218743,-98.972849
NE,31165,Sioux County,42.470668,-103.73217
NE,31167,Stanton County,41.905045,-97.177109
NE,31169,Thayer County,40.17342,-97.596258
NE,31171,Thomas County,41.85573,-100.524703
NE,31173,Thurston County,42.154061,-96.533943
NE,31175,Valley County,41.564094,-98.983484
NE,31177,Washington County,41.533973,-96.224577
NE,31179,Wayne County,42.210746,-97.126243
NE,31181,Webster County,40.180646,-98.49859
NE,31183,Wheeler County,41.922575,-98.520853
NE,31185,York County,40.873056,-97.596742
NV,32001,Churchill County,39.53771,-118.264166
NV,32003,Clark County,36.21413,-115.014398
NV,32005,Douglas County,38.905129,-119.609019
NV,32007,Elko County,41.141133,-115.351424
NV,32009,Esmeralda County,37.778966,-117.632382
NV,32011,Eureka County,39.977788,-116.272208
NV,32013,Humboldt County,41.407914,-118.127591
NV,32015,Lander County,39.90021,-117.04724
NV,32017,Lincoln County,37.634605,-114.863037
NV,32019,Lyon County,39.022213,-119.197425
NV,32021,Mineral County,38.516647,-118.416279
NV,32023,Nye County,37.965864,-116.459011
NV,32027,Pershing County,40.439639,-118.409477
NV,32029,Storey County,39.438385,-119.524646
NV,32031,Washoe County,40.73132,-119.663269
NV,32033,White Pine County,39.418176,-114.900565
NV,32510,Carson City,39.15306,-119.747368
NH,33001,Belknap County,43.519109,-71.425366
NH,33003,Carroll County,43.867774,-71.20156
NH,33005,Cheshire County,42.92546,-72.248183
NH,33007,Coos County,44.652548,-71.289431
NH,33009,Grafton County,43.926439,-71.842424
NH,33011,Hillsborough County,42.911532,-71.723055
NH,33013,Merrimack County,43.299579,-71.680041
NH,33015,Rockingham County,42.988664,-71.09908
NH,33017,Strafford County,43.293272,-71.035589
NH,33019,Sullivan County,43.361188,-72.222084
NJ,34001,Atlantic County,39.469355,-74.633759
NJ,34003,Bergen County,40.959698,-74.074727
NJ,34005,Burlington County,39.875786,-74.663006
NJ,34007,Camden County,39.802407,-74.961249
NJ,34009,Cape May County,39.085841,-74.846354
NJ,34011,Cumberland County,39.328434,-75.121628
NJ,34013,Essex County,40.7874,-74.246292
NJ,34015,Gloucester County,39.722875,-75.145681
NJ,34017,Hudson County,40.731375,-74.078601
NJ,34019,Hunterdon County,40.565283,-74.911969
NJ,34021,Mercer County,40.282503,-74.703724
NJ,34023,Middlesex County,40.439621,-74.40743
NJ,34025,Monmouth County,40.287048,-74.152446
NJ,34027,Morris County,40.858896,-74.547292
NJ,34029,Ocean County,39.865669,-74.258864
NJ,34031,Passaic County,41.036655,-74.299408
NJ,34033,Salem County,39.573828,-75.357356
NJ,34035,Somerset County,40.565527,-74.619938
NJ,34037,Sussex County,41.137461,-74.691914
NJ,34039,Union County,40.659871,-74.308696
NJ,34041,Warren County,40.853491,-75.009498
NM,35001,Bernalillo County,35.053628,-106.66908
NM,35003,Catron County,33.901621,-108.391928
NM,35005,Chaves County,33.361604,-104.469837
NM,35006,Cibola County,34.928272,-107.99268
NM,35007,Colfax County,36.612964,-104.64011
NM,35009,Curry County,34.572984,-103.346055
NM,35011,De Baca County,34.359273,-104.368696
NM,35013,Doña Ana County,32.349919,-106.834968
NM,35015,Eddy County,32.457835,-104.306434
NM,35017,Grant County,32.732087,-108.381504
NM,35019,Guadalupe County,34.869748,-104.784898
NM,35021,Harding County,35.859352,-103.853424
NM,35023,Hidalgo County,31.898052,-108.751929
NM,35025,Lea County,32.795687,-103.413271
NM,35027,Lincoln County,33.740841,-105.449805
NM,35028,Los Alamos County,35.870047,-106.307968
NM,35029,Luna County,32.184523,-107.747191
NM,35031,McKinley County,35.584062,-108.253294
NM,35033,Mora County,35.982841,-104.921898
NM,35035,Otero County,32.615599,-105.751308
NM,35037,Quay County,35.107018,-103.548071
NM,35039,Rio Arriba County,36.509669,-106.693983
NM,35041,Roosevelt County,34.021207,-103.483004
NM,35043,Sandoval County,35.685091,-106.883119
NM,35045,San Juan County,36.511624,-108.324578
NM,35047,San Miguel County,35.476859,-104.803519
NM,35049,Santa Fe County,35.514531,-105.963972
NM,35051,Sierra County,33.119468,-107.188161
NM,35053,Socorro County,33.991658,-106.939136
NM,35055,Taos County,36.577183,-105.638878
NM,35057,Torrance County,34.555001,-105.89059
NM,35059,Union County,36.488085,-103.475723
NM,35061,Valencia County,34.71684,-106.806582
NY,36001,Albany County,42.58824,-73.97401
NY,36003,Allegany County,42.247853,-78.026153
NY,36005,Bronx County,40.848711,-73.852939
NY,36007,Broome County,42.161977,-75.830283
NY,36009,Cattaraugus County,42.239099,-78.662332
NY,36011,Cayuga County,43.008546,-76.574587
NY,36013,Chautauqua County,42.304216,-79.407595
NY,36015,Chemung County,42.148697,-76.752471
NY,36017,Chenango County,42.478024,-75.602241
NY,36019,Clinton County,44.752712,-73.705643
NY,36021,Columbia County,42.247696,-73.626718
NY,36023,Cortland County,42.594039,-76.07624
NY,36025,Delaware County,42.193986,-74.966728
NY,36027,Dutchess County,41.754825,-73.740014
NY,36029,Erie County,42.752759,-78.778192
NY,36031,Essex County,44.109601,-73.778431
NY,36033,Franklin County,44.594376,-74.31067
NY,36035,Fulton County,43.115609,-74.423678
NY,36037,Genesee County,43.00091,-78.192778
NY,36039,Greene County,42.28697,-74.149542
NY,36041,Hamilton County,43.657879,-74.502456
NY,36043,Herkimer County,43.571009,-74.841097
NY,36045,Jefferson County,43.996389,-76.052968
NY,36047,Kings County,40.635045,-73.95064
NY,36049,Lewis County,43.782706,-75.444132
NY,36051,Livingston County,42.729042,-77.778463
NY,36053,Madison County,42.910026,-75.663575
NY,36055,Monroe County,43.250347,-77.700518
NY,36057,Montgomery County,42.900891,-74.435357
NY,36059,Nassau County,40.729612,-73.589414
NY,36061,New York County,40.776642,-73.970187
NY,36063,Niagara County,43.272672,-78.812943
NY,36065,Oneida County,43.242727,-75.434282
NY,36067,Onondaga County,43.006516,-76.196134
NY,36069,Ontario County,42.856357,-77.303497
NY,36071,Orange County,41.40241,-74.306252
NY,36073,Orleans County,43.339906,-78.207028
NY,36075,Oswego County,43.461443,-76.209262
NY,36077,Otsego County,42.629776,-75.028841
NY,36079,Putnam County,41.427907,-73.743861
NY,36081,Queens County,40.654658,-73.841209
NY,36083,Rensselaer County,42.710421,-73.513845
NY,36085,Richmond County,40.561263,-74.1399
NY,36087,Rockland County,41.154628,-74.024662
NY,36089,St. Lawrence County,44.488112,-75.074311
NY,36091,Saratoga County,43.106135,-73.855387
NY,36093,Schenectady County,42.817552,-74.043559
NY,36095,Schoharie County,42.591294,-74.438172
NY,36097,Schuyler County,42.419776,-76.938603
NY,36099,Seneca County,42.782294,-76.827088
NY,36101,Steuben County,42.266725,-77.385525
NY,36103,Suffolk County,40.943554,-72.692218
NY,36105,Sullivan County,41.719993,-74.771577
NY,36107,Tioga County,42.178057,-76.297456
NY,36109,Tompkins County,42.453006,-76.473483
NY,36111,Ulster County,41.947212,-74.265458
NY,36113,Warren County,43.555105,-73.838139
NY,36115,Washington County,43.312377,-73.439428
NY,36117,Wayne County,43.218114,-77.049402
NY,36119,Westchester County,41.152686,-73.745753
NY,36121,Wyoming County,42.701365,-78.228576
NY,36123,Yates County,42.638237,-77.104324
NC,37001,Alamance County,36.043954,-79.400573
NC,37003,Alexander County,35.920951,-81.177467
NC,37005,Alleghany County,36.489356,-81.132299
NC,37007,Anson County,34.974972,-80.109763
NC,37009,Ashe County,36.443469,-81.499334
NC,37011,Avery County,36.07209,-81.920285
NC,37013,Beaufort County,35.482313,-76.842014
NC,37015,Bertie County,36.059043,-76.962364
NC,37017,Bladen County,34.591938,-78.539489
NC,37019,Brunswick County,34.038754,-78.227765
NC,37021,Buncombe County,35.609371,-82.530423
NC,37023,Burke County,35.746182,-81.70618
NC,37025,Cabarrus County,35.388346,-80.552728
NC,37027,Caldwell County,35.966396,-81.51254
NC,37029,Camden County,36.342344,-76.162488
NC,37031,Carteret County,34.858343,-76.53586
NC,37033,Caswell County,36.394325,-79.339619
NC,37035,Catawba County,35.661883,-81.214906
NC,37037,Chatham County,35.704994,-79.251454
NC,37039,Cherokee County,35.13715,-84.061449
NC,37041,Chowan County,36.128979,-76.602752
NC,37043,Clay County,35.052997,-83.752264
NC,37045,Cleveland County,35.33463,-81.557114
NC,37047,Columbus County,34.261602,-78.639308
NC,37049,Craven County,35.116829,-77.08132
NC,37051,Cumberland County,35.050192,-78.828719
NC,37053,Currituck County,36.372174,-75.941224
NC,37055,Dare County,35.606269,-75.767536
NC,37057,Davidson County,35.795131,-80.207107
NC,37059,Davie County,35.929355,-80.542552
NC,37061,Duplin County,34.934403,-77.933543
NC,37063,Durham County,36.033828,-78.878125
NC,37065,Edgecombe County,35.917077,-77.602742
NC,37067,Forsyth County,36.132466,-80.256961
NC,37069,Franklin County,36.088241,-78.283106
NC,37071,Gaston County,35.292834,-81.177364
NC,37073,Gates County,36.442135,-76.702355
NC,37075,Graham County,35.348364,-83.830915
NC,37077,Granville County,36.299884,-78.657634
NC,37079,Greene County,35.481959,-77.681688
NC,37081,Guilford County,36.079065,-79.788665
NC,37083,Halifax County,36.251438,-77.644842
NC,37085,Harnett County,35.36866,-78.871665
NC,37087,Haywood County,35.558882,-82.981307
NC,37089,Henderson County,35.336427,-82.479583
NC,37091,Hertford County,36.363517,-76.981616
NC,37093,Hoke County,35.017233,-79.241964
NC,37095,Hyde County,35.408157,-76.153687
NC,37097,Iredell County,35.806251,-80.874524
NC,37099,Jackson County,35.285454,-83.123966
NC,37101,Johnston County,35.513419,-78.367348
NC,37103,Jones County,35.032268,-77.356195
NC,37105,Lee County,35.476336,-79.172117
NC,37107,Lenoir County,35.240066,-77.635514
NC,37109,Lincoln County,35.488491,-81.226893
NC,37111,McDowell County,35.682268,-82.048045
NC,37113,Macon County,35.152959,-83.421901
NC,37115,Madison County,35.864206,-82.712631
NC,37117,Martin County,35.847301,-77.119602
NC,37119,Mecklenburg County,35.246862,-80.833832
NC,37121,Mitchell County,36.013102,-82.163554
NC,37123,Montgomery County,35.327548,-79.910752
NC,37125,Moore County,35.308273,-79.492723
NC,37127,Nash County,35.965945,-77.987555
NC,37129,New Hanover County,34.183445,-77.864204
NC,37131,Northampton County,36.421774,-77.398352
NC,37133,Onslow County,34.763109,-77.499469
NC,37135,Orange County,36.062525,-79.120033
NC,37137,Pamlico County,35.147575,-76.665268
NC,37139,Pasquotank County,36.265199,-76.260691
NC,37141,Pender County,34.512556,-77.888106
NC,37143,Perquimans County,36.180897,-76.403244
NC,37145,Person County,36.388308,-78.973717
NC,37147,Pitt County,35.59249,-77.372739
NC,37149,Polk County,35.277901,-82.167621
NC,37151,Randolph County,35.709915,-79.806215
NC,37153,Richmond County,35.004636,-79.755695
NC,37155,Robeson County,34.63921,-79.100881
NC,37157,Rockingham County,36.381806,-79.782754
NC,37159,Rowan County,35.641355,-80.521721
NC,37161,Rutherford County,35.402747,-81.919582
NC,37163,Sampson County,34.989298,-78.371261
NC,37165,Scotland County,34.840023,-79.477337
NC,37167,Stanly County,35.310449,-80.254374
NC,37169,Stokes County,36.393797,-80.269921
NC,37171,Surry County,36.415416,-80.686463
NC,37173,Swain County,35.568849,-83.465614
NC,37175,Transylvania County,35.210099,-82.81666
NC,37177,Tyrrell County,35.87042,-76.165345
NC,37179,Union County,34.99182,-80.530426
NC,37181,Vance County,36.365481,-78.405434
NC,37183,Wake County,35.789846,-78.650624
NC,37185,Warren County,36.398105,-78.099899
NC,37187,Washington County,35.844713,-76.572291
NC,37189,Watauga County,36.235368,-81.709888
NC,37191,Wayne County,35.35419,-78.00867
NC,37193,Wilkes County,36.208883,-81.166095
NC,37195,Wilson County,35.700357,-77.921598
NC,37197,Yadkin County,36.158765,-80.665164
NC,37199,Yancey County,35.889326,-82.303954
ND,38001,Adams County,46.096815,-102.533198
ND,38003,Barnes County,46.94255,-98.070195
ND,38005,Benson County,48.071743,-99.351152
ND,38007,Billings County,47.007044,-103.364016
ND,38009,Bottineau County,48.794412,-100.831257
ND,38011,Bowman County,46.110144,-103.505943
ND,38013,Burke County,48.786453,-102.520087
ND,38015,Burleigh County,46.978829,-100.469533
ND,38017,Cass County,46.927003,-97.252375
ND,38019,Cavalier County,48.768439,-98.46379
ND,38021,Dickey County,46.107756,-98.496518
ND,38023,Divide County,48.814754,-103.509326
ND,38025,Dunn County,47.354557,-102.612322
ND,38027,Eddy County,47.723436,-98.900474
ND,38029,Emmons County,46.284255,-100.237842
ND,38031,Foster County,47.471431,-98.872876
ND,38033,Golden Valley County,46.938924,-103.844612
ND,38035,Grand Forks County,47.926003,-97.450851
ND,38037,Grant County,46.357827,-101.639049
ND,38039,Griggs County,47.456334,-98.232286
ND,38041,Hettinger County,46.435704,-102.454238
ND,38043,Kidder County,46.938273,-99.731198
ND,38045,LaMoure County,46.464195,-98.526057
ND,38047,Logan County,46.469278,-99.504585
ND,38049,McHenry County,48.233842,-100.633267
ND,38051,McIntosh County,46.095986,-99.440811
ND,38053,McKenzie County,47.742475,-103.403215
ND,38055,McLean County,47.653206,-101.421914
ND,38057,Mercer County,47.303329,-101.82202
ND,38059,Morton County,46.710029,-101.310041
ND,38061,Mountrail County,48.210073,-102.364895
ND,38063,Nelson County,47.918667,-98.204428
ND,38065,Oliver County,47.118079,-101.33142
ND,38067,Pembina County,48.766896,-97.545405
ND,38069,Pierce County,48.238883,-99.966497
ND,38071,Ramsey County,48.266163,-98.739031
ND,38073,Ransom County,46.449276,-97.647554
ND,38075,Renville County,48.712781,-101.658152
ND,38077,Richland County,46.265219,-96.93796
ND,38079,Rolette County,48.768271,-99.840463
ND,38081,Sargent County,46.108204,-97.630051
ND,38083,Sheridan County,47.581359,-100.330986
ND,38085,Sioux County,46.110618,-101.061284
ND,38087,Slope County,46.445834,-103.462462
ND,38089,Stark County,46.817031,-102.662026
ND,38091,Steele County,47.451062,-97.71892
ND,38093,Stutsman County,46.972223,-98.956123
ND,38095,Towner County,48.682183,-99.248158
ND,38097,Traill County,47.446271,-97.164636
ND,38099,Walsh County,48.376979,-97.72223
ND,38101,Ward County,48.216686,-101.540537
ND,38103,Wells County,47.580851,-99.682213
ND,38105,Williams County,48.355765,-103.501333
OH,39001,Adams County,38.834468,-83.478082
OH,39003,Allen County,40.771627,-84.106103
OH,39005,Ashland County,40.843272,-82.270126
OH,39007,Ashtabula County,41.906637,-80.745592
OH,39009,Athens County,39.332755,-82.045885
OH,39011,Auglaize County,40.561309,-84.224018
OH,39013,Belmont County,40.017692,-80.967713
OH,39015,Brown County,38.931377,-83.866772
OH,39017,Butler County,39.439747,-84.565734
OH,39019,Carroll County,40.579884,-81.090787
OH,39021,Champaign County,40.132775,-83.767604
OH,39023,Clark County,39.917032,-83.783676
OH,39025,Clermont County,39.052054,-84.149485
OH,39027,Clinton County,39.416681,-83.804583
OH,39029,Columbiana County,40.770073,-80.778455
OH,39031,Coshocton County,40.29671,-81.930109
OH,39033,Crawford County,40.848524,-82.924783
OH,39035,Cuyahoga County,41.555037,-81.604957
OH,39037,Darke County,40.131319,-84.621287
OH,39039,Defiance County,41.321679,-84.486433
OH,39041,Delaware County,40.278941,-83.007462
OH,39043,Erie County,41.394143,-82.586835
OH,39045,Fairfield County,39.747694,-82.626685
OH,39047,Fayette County,39.555246,-83.461893
OH,39049,Franklin County,39.969875,-83.009086
OH,39051,Fulton County,41.597264,-84.124269
OH,39053,Gallia County,38.817046,-82.301746
OH,39055,Geauga County,41.499322,-81.173505
OH,39057,Greene County,39.687479,-83.894894
OH,39059,Guernsey County,40.056665,-81.497875
OH,39061,Hamilton County,39.196927,-84.544187
OH,39063,Hancock County,41.000217,-83.665947
OH,39065,Hardin County,40.660415,-83.664077
OH,39067,Harrison County,40.292318,-81.091565
OH,39069,Henry County,41.331584,-84.0689
OH,39071,Highland County,39.184422,-83.601359
OH,39073,Hocking County,39.490342,-82.483447
OH,39075,Holmes County,40.565597,-81.930001
OH,39077,Huron County,41.14508,-82.594641
OH,39079,Jackson County,39.013477,-82.614142
OH,39081,Jefferson County,40.399384,-80.763527
OH,39083,Knox County,40.40362,-82.422393
OH,39085,Lake County,41.778142,-81.19733
OH,39087,Lawrence County,38.603866,-82.517186
OH,39089,Licking County,40.091505,-82.483435
OH,39091,Logan County,40.387553,-83.766343
OH,39093,Lorain County,41.438805,-82.179722
OH,39095,Lucas County,41.682321,-83.468903
OH,39097,Madison County,39.89661,-83.400887
OH,39099,Mahoning County,41.01088,-80.770396
OH,39101,Marion County,40.588034,-83.168803
OH,39103,Medina County,41.116174,-81.899764
OH,39105,Meigs County,39.089807,-82.028397
OH,39107,Mercer County,40.535331,-84.632056
OH,39109,Miami County,40.053326,-84.228413
OH,39111,Monroe County,39.726252,-81.090983
OH,39113,Montgomery County,39.753736,-84.290591
OH,39115,Morgan County,39.624946,-81.861697
OH,39117,Morrow County,40.525266,-82.797729
OH,39119,Muskingum County,39.966046,-81.943506
OH,39121,Noble County,39.767232,-81.452493
OH,39123,Ottawa County,41.545495,-83.012613
OH,39125,Paulding County,41.118948,-84.582125
OH,39127,Perry County,39.743187,-82.237952
OH,39129,Pickaway County,39.648947,-83.052827
OH,39131,Pike County,39.071341,-83.052911
OH,39133,Portage County,41.16897,-81.196962
OH,39135,Preble County,39.73881,-84.644758
OH,39137,Putnam County,41.024534,-84.12988
OH,39139,Richland County,40.774159,-82.542781
OH,39141,Ross County,39.323895,-83.059538
OH,39143,Sandusky County,41.355319,-83.142776
OH,39145,Scioto County,38.814889,-82.998675
OH,39147,Seneca County,41.119992,-83.127547
OH,39149,Shelby County,40.33668,-84.204142
OH,39151,Stark County,40.814131,-81.365667
OH,39153,Summit County,41.121847,-81.534928
OH,39155,Trumbull County,41.306374,-80.7704
OH,39157,Tuscarawas County,40.44744,-81.471166
OH,39159,Union County,40.295901,-83.367042
OH,39161,Van Wert County,40.85552,-84.585775
OH,39163,Vinton County,39.252042,-82.485961
OH,39165,Warren County,39.425663,-84.16994
OH,39167,Washington County,39.450676,-81.490636
OH,39169,Wayne County,40.829661,-81.887194
OH,39171,Williams County,41.564959,-84.584324
OH,39173,Wood County,41.360183,-83.622682
OH,39175,Wyandot County,40.839782,-83.313681
OK,40001,Adair County,35.898043,-94.651026
OK,40003,Alfalfa County,36.729703,-98.323445
OK,40005,Atoka County,34.392469,-96.036558
OK,40007,Beaver County,36.748334,-100.483056
OK,40009,Beckham County,35.270601,-99.690057
OK,40011,Blaine County,35.877795,-98.429032
OK,40013,Bryan County,33.964004,-96.265135
OK,40015,Caddo County,35.16792,-98.381045
OK,40017,Canadian County,35.543354,-97.979889
OK,40019,Carter County,34.251848,-97.287927
OK,40021,Cherokee County,35.904367,-94.996796
OK,40023,Choctaw County,34.027699,-95.554079
OK,40025,Cimarron County,36.74839,-102.517698
OK,40027,Cleveland County,35.206376,-97.323088
OK,40029,Coal County,34.582861,-96.288038
OK,40031,Comanche County,34.66263,-98.476612
OK,40033,Cotton County,34.290676,-98.373438
OK,40035,Craig County,36.76389,-95.201553
OK,40037,Creek County,35.907398,-96.380177
OK,40039,Custer County,35.645601,-98.997386
OK,40041,Delaware County,36.393437,-94.808189
OK,40043,Dewey County,35.97796,-99.014385
OK,40045,Ellis County,36.224258,-99.750139
OK,40047,Garfield County,36.378132,-97.788741
OK,40049,Garvin County,34.70935,-97.312723
OK,40051,Grady County,35.021058,-97.88689
OK,40053,Grant County,36.788254,-97.788151
OK,40055,Greer County,34.933853,-99.552968
OK,40057,Harmon County,34.745971,-99.844194
OK,40059,Harper County,36.80035,-99.662805
OK,40061,Haskell County,35.232431,-95.109642
OK,40063,Hughes County,35.052934,-96.251183
OK,40065,Jackson County,34.594006,-99.412235
OK,40067,Jefferson County,34.105082,-97.83889
OK,40069,Johnston County,34.313455,-96.654254
OK,40071,Kay County,36.814885,-97.143862
OK,40073,Kingfisher County,35.949436,-97.934557
OK,40075,Kiowa County,34.921489,-98.981617
OK,40077,Latimer County,34.875137,-95.272262
OK,40079,Le Flore County,34.897356,-94.695074
OK,40081,Lincoln County,35.703117,-96.881392
OK,40083,Logan County,35.914277,-97.450952
OK,40085,Love County,33.957804,-97.245093
OK,40087,McClain County,35.016436,-97.449803
OK,40089,McCurtain County,34.117073,-94.766086
OK,40091,McIntosh County,35.369108,-95.671787
OK,40093,Major County,36.313119,-98.542015
OK,40095,Marshall County,34.027007,-96.770533
OK,40097,Mayes County,36.303804,-95.235638
OK,40099,Murray County,34.485766,-97.071556
OK,40101,Muskogee County,35.617551,-95.383911
OK,40103,Noble County,36.384901,-97.236335
OK,40105,Nowata County,36.789615,-95.613312
OK,40107,Okfuskee County,35.466804,-96.327762
OK,40109,Oklahoma County,35.554611,-97.409401
OK,40111,Okmulgee County,35.6435,-95.965947
OK,40113,Osage County,36.624299,-96.408112
OK,40115,Ottawa County,36.835764,-94.802681
OK,40117,Pawnee County,36.313704,-96.696669
OK,40119,Payne County,36.079225,-96.975255
OK,40121,Pittsburg County,34.92554,-95.74813
OK,40123,Pontotoc County,34.721421,-96.691804
OK,40125,Pottawatomie County,35.211391,-96.957004
OK,40127,Pushmataha County,34.377899,-95.408082
OK,40129,Roger Mills County,35.708554,-99.741572
OK,40131,Rogers County,36.377794,-95.601383
OK,40133,Seminole County,35.158365,-96.602858
OK,40135,Sequoyah County,35.502435,-94.750757
OK,40137,Stephens County,34.481361,-97.855607
OK,40139,Texas County,36.746317,-101.483855
OK,40141,Tillman County,34.371085,-98.931701
OK,40143,Tulsa County,36.120318,-95.941813
OK,40145,Wagoner County,35.963388,-95.514201
OK,40147,Washington County,36.704403,-95.906253
OK,40149,Washita County,35.289908,-98.992272
OK,40151,Woods County,36.726984,-98.863649
OK,40153,Woodward County,36.425619,-99.273661
OR,41001,Baker County,44.703427,-117.691933
OR,41003,Benton County,44.493882,-123.424664
OR,41005,Clackamas County,45.160493,-122.195127
OR,41007,Clatsop County,46.024509,-123.705037
OR,41009,Columbia County,45.941932,-123.081079
OR,41011,Coos County,43.18591,-124.094133
OR,41013,Crook County,44.163054,-120.371585
OR,41015,Curry County,42.466439,-124.210929
OR,41017,Deschutes County,43.915118,-121.225575
OR,41019,Douglas County,43.286328,-123.154476
OR,41021,Gilliam County,45.382955,-120.276246
OR,41023,Grant County,44.496326,-119.014057
OR,41025,Harney County,43.064449,-118.987169
OR,41027,Hood River County,45.511775,-121.655976
OR,41029,Jackson County,42.411621,-122.675611
OR,41031,Jefferson County,44.645151,-121.178632
OR,41033,Josephine County,42.386983,-123.57162
OR,41035,Klamath County,42.683761,-121.646168
OR,41037,Lake County,42.788401,-120.38979
OR,41039,Lane County,43.928334,-122.897581
OR,41041,Lincoln County,44.641061,-123.911212
OR,41043,Linn County,44.488898,-122.537208
OR,41045,Malheur County,43.188625,-117.603191
OR,41047,Marion County,44.900898,-122.57626
OR,41049,Morrow County,45.425496,-119.602311
OR,41051,Multnomah County,45.547711,-122.417363
OR,41053,Polk County,44.900372,-123.39864
OR,41055,Sherman County,45.399216,-120.678512
OR,41057,Tillamook County,45.45589,-123.759299
OR,41059,Umatilla County,45.5912,-118.73388
OR,41061,Union County,45.304081,-117.999149
OR,41063,Wallowa County,45.593753,-117.18558
OR,41065,Wasco County,45.164536,-121.165069
OR,41067,Washington County,45.553542,-123.097615
OR,41069,Wheeler County,44.736415,-120.026861
OR,41071,Yamhill County,45.247827,-123.316399
PA,42001,Adams County,39.869437,-77.21775
PA,42003,Allegheny County,40.469757,-79.980451
PA,42005,Armstrong County,40.81238,-79.464129
PA,42007,Beaver County,40.68414,-80.350721
PA,42009,Bedford County,39.998634,-78.494747
PA,42011,Berks County,40.413957,-75.92686
PA,42013,Blair County,40.498683,-78.309597
PA,42015,Bradford County,41.791504,-76.502123
PA,42017,Bucks County,40.336887,-75.10706
PA,42019,Butler County,40.913847,-79.918978
PA,42021,Cambria County,40.510209,-78.710488
PA,42023,Cameron County,41.438291,-78.198323
PA,42025,Carbon County,40.918367,-75.705039
PA,42027,Centre County,40.909322,-77.847667
PA,42029,Chester County,39.974029,-75.749751
PA,42031,Clarion County,41.198159,-79.420369
PA,42033,Clearfield County,41.006862,-78.477724
PA,42035,Clinton County,41.239508,-77.629009
PA,42037,Columbia County,41.045517,-76.40426
PA,42039,Crawford County,41.687876,-80.107795
PA,42041,Cumberland County,40.164805,-77.263442
PA,42043,Dauphin County,40.412565,-76.792634
PA,42045,Delaware County,39.916685,-75.398818
PA,42047,Elk County,41.427332,-78.653937
PA,42049,Erie County,42.117952,-80.096386
PA,42051,Fayette County,39.918911,-79.640253
PA,42053,Forest County,41.513304,-79.249705
PA,42055,Franklin County,39.926772,-77.724521
PA,42057,Fulton County,39.91075,-78.122617
PA,42059,Greene County,39.847707,-80.225655
PA,42061,Huntingdon County,40.422311,-77.968595
PA,42063,Indiana County,40.651432,-79.087545
PA,42065,Jefferson County,41.138028,-79.012419
PA,42067,Juniata County,40.530673,-77.400438
PA,42069,Lackawanna County,41.436636,-75.608768
PA,42071,Lancaster County,40.041992,-76.250198
PA,42073,Lawrence County,40.992735,-80.334446
PA,42075,Lebanon County,40.371448,-76.464819
PA,42077,Lehigh County,40.614241,-75.590627
PA,42079,Luzerne County,41.173078,-75.976053
PA,42081,Lycoming County,41.343882,-77.055262
PA,42083,McKean County,41.81459,-78.572463
PA,42085,Mercer County,41.300014,-80.252786
PA,42087,Mifflin County,40.601615,-77.651832
PA,42089,Monroe County,41.05624,-75.329065
PA,42091,Montgomery County,40.209999,-75.370201
PA,42093,Montour County,41.029284,-76.665225
PA,42095,Northampton County,40.752791,-75.307447
PA,42097,Northumberland County,40.851524,-76.709877
PA,42099,Perry County,40.39778,-77.266328
PA,42101,Philadelphia County,40.009376,-75.133346
PA,42103,Pike County,41.325949,-75.031514
PA,42105,Potter County,41.748587,-77.894436
PA,42107,Schuylkill County,40.703682,-76.217788
PA,42109,Snyder County,40.755412,-77.07302
PA,42111,Somerset County,39.981297,-79.028486
PA,42113,Sullivan County,41.439285,-76.511717
PA,42115,Susquehanna County,41.819665,-75.800969
PA,42117,Tioga County,41.766858,-77.257288
PA,42119,Union County,40.962179,-77.055475
PA,42121,Venango County,41.400714,-79.765813
PA,42123,Warren County,41.834298,-79.298182
PA,42125,Washington County,40.200005,-80.252132
PA,42127,Wayne County,41.646602,-75.292493
PA,42129,Westmoreland County,40.311068,-79.466688
PA,42131,Wyoming County,41.525167,-76.008682
PA,42133,York County,39.921751,-76.728889
RI,44001,Bristol County,41.70684,-71.286687
RI,44003,Kent County,41.675118,-71.580282
RI,44005,Newport County,41.501045,-71.283063
RI,44007,Providence County,41.869768,-71.578625
RI,44009,Washington County,41.396792,-71.620282
SC,45001,Abbeville County,34.229041,-82.454058
SC,45003,Aiken County,33.550013,-81.632983
SC,45005,Allendale County,32.979757,-81.363265
SC,45007,Anderson County,34.521235,-82.638603
SC,45009,Bamberg County,33.203021,-81.053161
SC,45011,Barnwell County,33.260552,-81.434228
SC,45013,Beaufort County,32.358112,-80.689422
SC,45015,Berkeley County,33.2077,-79.953655
SC,45017,Calhoun County,33.67478,-80.780347
SC,45019,Charleston County,32.800458,-79.94248
SC,45021,Cherokee County,35.049796,-81.607647
SC,45023,Chester County,34.689339,-81.161213
SC,45025,Chesterfield County,34.637018,-80.159227
SC,45027,Clarendon County,33.664682,-80.217889
SC,45029,Colleton County,32.849386,-80.656402
SC,45031,Darlington County,34.332185,-79.962115
SC,45033,Dillon County,34.390164,-79.37521
SC,45035,Dorchester County,33.082186,-80.404697
SC,45037,Edgefield County,33.779453,-81.959637
SC,45039,Fairfield County,34.395669,-81.127001
SC,45041,Florence County,34.028535,-79.710233
SC,45043,Georgetown County,33.417531,-79.296333
SC,45045,Greenville County,34.892645,-82.372077
SC,45047,Greenwood County,34.155796,-82.127876
SC,45049,Hampton County,32.778334,-81.143822
SC,45051,Horry County,33.909269,-78.976675
SC,45053,Jasper County,32.430591,-81.021629
SC,45055,Kershaw County,34.338356,-80.590885
SC,45057,Lancaster County,34.686818,-80.703688
SC,45059,Laurens County,34.483676,-82.005498
SC,45061,Lee County,34.15864,-80.251209
SC,45063,Lexington County,33.892309,-81.272974
SC,45065,McCormick County,33.897599,-82.316196
SC,45067,Marion County,34.08362,-79.354001
SC,45069,Marlboro County,34.60167,-79.679435
SC,45071,Newberry County,34.289881,-81.599676
SC,45073,Oconee County,34.748766,-83.06154
SC,45075,Orangeburg County,33.436135,-80.802913
SC,45077,Pickens County,34.885368,-82.723377
SC,45079,Richland County,34.029095,-80.898037
SC,45081,Saluda County,34.005278,-81.727903
SC,45083,Spartanburg County,34.932014,-81.991624
SC,45085,Sumter County,33.91614,-80.382376
SC,45087,Union County,34.690374,-81.615864
SC,45089,Williamsburg County,33.626462,-79.716474
SC,45091,York County,34.970187,-81.183187
SD,46003,Aurora County,43.724719,-98.577587
SD,46005,Beadle County,44.418265,-98.279422
SD,46007,Bennett County,43.186912,-101.677181
SD,46009,Bon Homme County,42.985714,-97.884175
SD,46011,Brookings County,44.376675,-96.797797
SD,46013,Brown County,45.589254,-98.352175
SD,46015,Brule County,43.729873,-99.092909
SD,46017,Buffalo County,44.044306,-99.203998
SD,46019,Butte County,44.896226,-103.501436
SD,46021,Campbell County,45.785575,-100.002107
SD,46023,Charles Mix County,43.206185,-98.595143
SD,46025,Clark County,44.855211,-97.724912
SD,46027,Clay County,42.91615,-96.980468
SD,46029,Codington County,44.966285,-97.198837
SD,46031,Corson County,45.685671,-101.179665
SD,46033,Custer County,43.684943,-103.46225
SD,46035,Davison County,43.680439,-98.155868
SD,46037,Day County,45.355161,-97.58143
SD,46039,Deuel County,44.75629,-96.690239
SD,46041,Dewey County,45.148049,-100.837953
SD,46043,Douglas County,43.391506,-98.358433
SD,46045,Edmunds County,45.41168,-99.205362
SD,46047,Fall River County,43.221619,-103.512609
SD,46049,Faulk County,45.065476,-99.153564
SD,46051,Grant County,45.172637,-96.772261
SD,46053,Gregory County,43.175142,-99.206591
SD,46055,Haakon County,44.288097,-101.540856
SD,46057,Hamlin County,44.680619,-97.178598
SD,46059,Hand County,44.546713,-99.004575
SD,46061,Hanson County,43.680612,-97.796845
SD,46063,Harding County,45.596611,-103.473871
SD,46065,Hughes County,44.384452,-99.975684
SD,46067,Hutchinson County,43.33671,-97.749383
SD,46069,Hyde County,44.537174,-99.472736
SD,46071,Jackson County,43.677506,-101.626323
SD,46073,Jerauld County,44.06341,-98.62317
SD,46075,Jones County,43.951991,-100.686138
SD,46077,Kingsbury County,44.362969,-97.499313
SD,46079,Lake County,44.02845,-97.123223
SD,46081,Lawrence County,44.348514,-103.806362
SD,46083,Lincoln County,43.279422,-96.722288
SD,46085,Lyman County,43.894812,-99.841925
SD,46087,McCook County,43.680416,-97.358048
SD,46089,McPherson County,45.784249,-99.211421
SD,46091,Marshall County,45.737044,-97.58087
SD,46093,Meade County,44.605282,-102.714169
SD,46095,Mellette County,43.581334,-100.75521
SD,46097,Miner County,44.021541,-97.608122
SD,46099,Minnehaha County,43.667472,-96.795726
SD,46101,Moody County,44.012429,-96.676054
SD,46102,Oglala Lakota County,43.333393,-102.561486
SD,46103,Pennington County,44.002349,-102.823801
SD,46105,Perkins County,45.483387,-102.467995
SD,46107,Potter County,45.052713,-99.962003
SD,46109,Roberts County,45.623397,-96.947551
SD,46111,Sanborn County,44.018942,-98.091709
SD,46115,Spink County,44.923772,-98.339615
SD,46117,Stanley County,44.413984,-100.747822
SD,46119,Sully County,44.722325,-100.131399
SD,46121,Todd County,43.208794,-100.707664
SD,46123,Tripp County,43.349729,-99.876219
SD,46125,Turner County,43.30867,-97.150185
SD,46127,Union County,42.831106,-96.650829
SD,46129,Walworth County,45.427605,-100.027856
SD,46135,Yankton County,43.006603,-97.388361
SD,46137,Ziebach County,44.989764,-101.660827
TN,47001,Anderson County,36.116731,-84.195418
TN,47003,Bedford County,35.51366,-86.458294
TN,47005,Benton County,36.070948,-88.071232
TN,47007,Bledsoe County,35.593561,-85.20591
TN,47009,Blount County,35.688185,-83.922973
TN,47011,Bradley County,35.153914,-84.859414
TN,47013,Campbell County,36.401592,-84.159249
TN,47015,Cannon County,35.808394,-86.062404
TN,47017,Carroll County,35.965748,-88.452379
TN,47019,Carter County,36.284744,-82.126593
TN,47021,Cheatham County,36.255169,-87.100808
TN,47023,Chester County,35.420253,-88.611353
TN,47025,Claiborne County,36.501572,-83.660698
TN,47027,Clay County,36.545749,-85.545717
TN,47029,Cocke County,35.916198,-83.119224
TN,47031,Coffee County,35.488765,-86.078202
TN,47033,Crockett County,35.818795,-89.132494
TN,47035,Cumberland County,35.952398,-84.994761
TN,47037,Davidson County,36.169129,-86.78479
TN,47039,Decatur County,35.603136,-88.110292
TN,47041,DeKalb County,35.982219,-85.833596
TN,47043,Dickson County,36.145533,-87.364155
TN,47045,Dyer County,36.052312,-89.404636
TN,47047,Fayette County,35.196993,-89.413803
TN,47049,Fentress County,36.369892,-84.937764
TN,47051,Franklin County,35.155926,-86.099203
TN,47053,Gibson County,35.991632,-88.933812
TN,47055,Giles County,35.202723,-87.035319
TN,47057,Grainger County,36.277509,-83.509546
TN,47059,Greene County,36.179487,-82.847523
TN,47061,Grundy County,35.393352,-85.710374
TN,47063,Hamblen County,36.218397,-83.266071
TN,47065,Hamilton County,35.159186,-85.202296
TN,47067,Hancock County,36.521353,-83.227493
TN,47069,Hardeman County,35.218785,-88.988697
TN,47071,Hardin County,35.201893,-88.185696
TN,47073,Hawkins County,36.452089,-82.931485
TN,47075,Haywood County,35.586678,-89.282691
TN,47077,Henderson County,35.653994,-88.387674
TN,47079,Henry County,36.325295,-88.300288
TN,47081,Hickman County,35.802327,-87.467116
TN,47083,Houston County,36.285782,-87.705598
TN,47085,Humphreys County,36.040822,-87.790453
TN,47087,Jackson County,36.35425,-85.674128
TN,47089,Jefferson County,36.048452,-83.441216
TN,47091,Johnson County,36.453203,-81.861247
TN,47093,Knox County,35.992726,-83.937721
TN,47095,Lake County,36.333905,-89.485536
TN,47097,Lauderdale County,35.762951,-89.627732
TN,47099,Lawrence County,35.220476,-87.396546
TN,47101,Lewis County,35.523245,-87.496984
TN,47103,Lincoln County,35.142784,-86.593403
TN,47105,Loudon County,35.735085,-84.314085
TN,47107,McMinn County,35.424472,-84.619949
TN,47109,McNairy County,35.175375,-88.56374
TN,47111,Macon County,36.537757,-86.00096
TN,47113,Madison County,35.606056,-88.833424
TN,47115,Marion County,35.133422,-85.618399
TN,47117,Marshall County,35.468329,-86.765868
TN,47119,Maury County,35.615696,-87.077763
TN,47121,Meigs County,35.512203,-84.816102
TN,47123,Monroe County,35.447818,-84.249705
TN,47125,Montgomery County,36.500354,-87.380887
TN,47127,Moore County,35.288888,-86.358684
TN,47129,Morgan County,36.138697,-84.639262
TN,47131,Obion County,36.361892,-89.148078
TN,47133,Overton County,36.34485,-85.283076
TN,47135,Perry County,35.663752,-87.869326
TN,47137,Pickett County,36.559364,-85.075741
TN,47139,Polk County,35.109437,-84.541112
TN,47141,Putnam County,36.14094,-85.49618
TN,47143,Rhea County,35.60059,-84.949548
TN,47145,Roane County,35.84725,-84.523929
TN,47147,Robertson County,36.524385,-86.872594
TN,47149,Rutherford County,35.843369,-86.417213
TN,47151,Scott County,36.430592,-84.504091
TN,47153,Sequatchie County,35.372336,-85.410082
TN,47155,Sevier County,35.787822,-83.5249
TN,47157,Shelby County,35.184553,-89.894612
TN,47159,Smith County,36.271671,-85.942372
TN,47161,Stewart County,36.449545,-87.806244
TN,47163,Sullivan County,36.509681,-82.301336
TN,47165,Sumner County,36.472423,-86.458405
TN,47167,Tipton County,35.498763,-89.747145
TN,47169,Trousdale County,36.39303,-86.156691
TN,47171,Unicoi County,36.100129,-82.418218
TN,47173,Union County,36.28414,-83.836088
TN,47175,Van Buren County,35.699234,-85.458409
TN,47177,Warren County,35.67825,-85.777343
TN,47179,Washington County,36.295665,-82.495037
TN,47181,Wayne County,35.242847,-87.819843
TN,47183,Weakley County,36.303596,-88.721194
TN,47185,White County,35.927049,-85.455785
TN,47187,Williamson County,35.894845,-86.897888
TN,47189,Wilson County,36.149431,-86.291181
TX,48001,Anderson County,31.841261,-95.661727
TX,48003,Andrews County,32.312258,-102.640206
TX,48005,Angelina County,31.251896,-94.611134
TX,48007,Aransas County,28.122621,-96.967501
TX,48009,Archer County,33.616305,-98.687267
TX,48011,Armstrong County,34.964179,-101.356636
TX,48013,Atascosa County,28.891478,-98.535381
TX,48015,Austin County,29.891901,-96.27017
TX,48017,Bailey County,34.067521,-102.830345
TX,48019,Bandera County,29.756389,-99.248285
TX,48021,Bastrop County,30.100772,-97.310639
TX,48023,Baylor County,33.618802,-99.208189
TX,48025,Bee County,28.416077,-97.742586
TX,48027,Bell County,31.037009,-97.479635
TX,48029,Bexar County,29.448671,-98.520147
TX,48031,Blanco County,30.266203,-98.399332
TX,48033,Borden County,32.73859,-101.439199
TX,48035,Bosque County,31.900819,-97.637641
TX,48037,Bowie County,33.446065,-94.422393
TX,48039,Brazoria County,29.167817,-95.434647
TX,48041,Brazos County,30.656713,-96.302394
TX,48043,Brewster County,29.808997,-103.252458
TX,48045,Briscoe County,34.525172,-101.205893
TX,48047,Brooks County,27.034994,-98.215276
TX,48049,Brown County,31.764137,-98.998456
TX,48051,Burleson County,30.493487,-96.622091
TX,48053,Burnet County,30.78963,-98.201187
TX,48055,Caldwell County,29.832399,-97.628141
TX,48057,Calhoun County,28.441719,-96.579574
TX,48059,Callahan County,32.29315,-99.372249
TX,48061,Cameron County,26.102923,-97.478958
TX,48063,Camp County,32.974581,-94.979085
TX,48065,Carson County,35.405496,-101.355356
TX,48067,Cass County,33.083698,-94.357579
TX,48069,Castro County,34.533621,-102.258786
TX,48071,Chambers County,29.696374,-94.669445
TX,48073,Cherokee County,31.843879,-95.156343
TX,48075,Childress County,34.524661,-100.208194
TX,48077,Clay County,33.785904,-98.212917
TX,48079,Cochran County,33.60844,-102.830449
TX,48081,Coke County,31.87711,-100.635231
TX,48083,Coleman County,31.914205,-99.346622
TX,48085,Collin County,33.194482,-96.579428
TX,48087,Collingsworth County,34.963358,-100.272135
TX,48089,Colorado County,29.596262,-96.508888
TX,48091,Comal County,29.812377,-98.258129
TX,48093,Comanche County,31.951645,-98.549617
TX,48095,Concho County,31.318883,-99.863649
TX,48097,Cooke County,33.639196,-97.210343
TX,48099,Coryell County,31.391177,-97.798022
TX,48101,Cottle County,34.091906,-100.276442
TX,48103,Crane County,31.439608,-102.492504
TX,48105,Crockett County,30.717532,-101.404211
TX,48107,Crosby County,33.609144,-101.29871
TX,48109,Culberson County,31.445908,-104.526945
TX,48111,Dallam County,36.28637,-102.59402
TX,48113,Dallas County,32.766987,-96.778424
TX,48115,Dawson County,32.742528,-101.948771
TX,48117,Deaf Smith County,34.940766,-102.607564
TX,48119,Delta County,33.385933,-95.67335
TX,48121,Denton County,33.205132,-97.12114
TX,48123,DeWitt County,29.082346,-97.361654
TX,48125,Dickens County,33.615362,-100.787618
TX,48127,Dimmit County,28.423587,-99.765871
TX,48129,Donley County,34.955036,-100.815846
TX,48131,Duval County,27.681123,-98.497393
TX,48133,Eastland County,32.324645,-98.83656
TX,48135,Ector County,31.865301,-102.542507
TX,48137,Edwards County,29.985933,-100.3074
TX,48139,Ellis County,32.346878,-96.79694
TX,48141,El Paso County,31.766456,-106.24152
TX,48143,Erath County,32.236207,-98.218336
TX,48145,Falls County,31.25193,-96.934127
TX,48147,Fannin County,33.591161,-96.104988
TX,48149,Fayette County,29.877886,-96.921231
TX,48151,Fisher County,32.740473,-100.40312
TX,48153,Floyd County,34.07373,-101.303274
TX,48155,Foard County,33.963306,-99.816828
TX,48157,Fort Bend County,29.526602,-95.771015
TX,48159,Franklin County,33.175846,-95.219066
TX,48161,Freestone County,31.701749,-96.144957
TX,48163,Frio County,28.869383,-99.109005
TX,48165,Gaines County,32.743942,-102.631561
TX,48167,Galveston County,29.233927,-94.888197
TX,48169,Garza County,33.183792,-101.301134
TX,48171,Gillespie County,30.325095,-98.941845
TX,48173,Glasscock County,31.868006,-101.521494
TX,48175,Goliad County,28.6607,-97.430415
TX,48177,Gonzales County,29.461912,-97.49192
TX,48179,Gray County,35.402542,-100.812374
TX,48181,Grayson County,33.624548,-96.675777
TX,48183,Gregg County,32.486401,-94.816277
TX,48185,Grimes County,30.543231,-95.988082
TX,48187,Guadalupe County,29.582671,-97.948995
TX,48189,Hale County,34.068436,-101.822888
TX,48191,Hall County,34.453189,-100.576343
TX,48193,Hamilton County,31.707342,-98.111756
TX,48195,Hansford County,36.272847,-101.35693
TX,48197,Hardeman County,34.289904,-99.745697
TX,48199,Hardin County,30.329648,-94.393178
TX,48201,Harris County,29.857273,-95.393037
TX,48203,Harrison County,32.547991,-94.374434
TX,48205,Hartley County,35.840244,-102.610047
TX,48207,Haskell County,33.175964,-99.730774
TX,48209,Hays County,30.061225,-98.029267
TX,48211,Hemphill County,35.815956,-100.27921
TX,48213,Henderson County,32.211633,-95.853418
TX,48215,Hidalgo County,26.396384,-98.18099
TX,48217,Hill County,31.982641,-97.130632
TX,48219,Hockley County,33.605932,-102.343398
TX,48221,Hood County,32.430149,-97.831677
TX,48223,Hopkins County,33.148967,-95.565434
TX,48225,Houston County,31.323036,-95.4216
TX,48227,Howard County,32.30343,-101.438721
TX,48229,Hudspeth County,31.450868,-105.377549
TX,48231,Hunt County,33.123308,-96.08423
TX,48233,Hutchinson County,35.837047,-101.362746
TX,48235,Irion County,31.303424,-100.981304
TX,48237,Jack County,33.232302,-98.171104
TX,48239,Jackson County,28.959802,-96.58908
TX,48241,Jasper County,30.752932,-94.022294
TX,48243,Jeff Davis County,30.625357,-104.191873
TX,48245,Jefferson County,29.854027,-94.149318
TX,48247,Jim Hogg County,27.053231,-98.747572
TX,48249,Jim Wells County,27.733516,-98.090814
TX,48251,Johnson County,32.379654,-97.364906
TX,48253,Jones County,32.743709,-99.87443
TX,48255,Karnes County,28.908996,-97.852205
TX,48257,Kaufman County,32.598944,-96.288377
TX,48259,Kendall County,29.943525,-98.709269
TX,48261,Kenedy County,26.890213,-97.591143
TX,48263,Kent County,33.18478,-100.76972
TX,48265,Kerr County,30.053563,-99.374682
TX,48267,Kimble County,30.479472,-99.746396
TX,48269,King County,33.614268,-100.245345
TX,48271,Kinney County,29.347086,-100.4177
TX,48273,Kleberg County,27.438735,-97.66062
TX,48275,Knox County,33.61189,-99.730356
TX,48277,Lamar County,33.667263,-95.570348
TX,48279,Lamb County,34.068861,-102.348018
TX,48281,Lampasas County,31.196731,-98.240889
TX,48283,La Salle County,28.351098,-99.096774
TX,48285,Lavaca County,29.382578,-96.923633
TX,48287,Lee County,30.321498,-96.976823
TX,48289,Leon County,31.300493,-95.995622
TX,48291,Liberty County,30.158508,-94.844061
TX,48293,Limestone County,31.547543,-96.593623
TX,48295,Lipscomb County,36.2802,-100.272683
TX,48297,Live Oak County,28.351479,-98.126891
TX,48299,Llano County,30.707584,-98.68469
TX,48301,Loving County,31.844936,-103.561229
TX,48303,Lubbock County,33.611469,-101.819944
TX,48305,Lynn County,33.178412,-101.818493
TX,48307,McCulloch County,31.205477,-99.359856
TX,48309,McLennan County,31.549596,-97.201511
TX,48311,McMullen County,28.384922,-98.578853
TX,48313,Madison County,30.966878,-95.930372
TX,48315,Marion County,32.798182,-94.356853
TX,48317,Martin County,32.30983,-101.961836
TX,48319,Mason County,30.703916,-99.237302
TX,48321,Matagorda County,28.77476,-96.001532
TX,48323,Maverick County,28.729787,-100.316678
TX,48325,Medina County,29.353661,-99.111085
TX,48327,Menard County,30.885268,-99.858861
TX,48329,Midland County,31.814269,-102.002454
TX,48331,Milam County,30.791242,-96.984395
TX,48333,Mills County,31.494888,-98.594623
TX,48335,Mitchell County,32.304117,-100.924392
TX,48337,Montague County,33.678356,-97.725014
TX,48339,Montgomery County,30.298801,-95.50295
TX,48341,Moore County,35.835676,-101.890502
TX,48343,Morris County,33.116466,-94.731265
TX,48345,Motley County,34.057899,-100.793152
TX,48347,Nacogdoches County,31.62056,-94.62025
TX,48349,Navarro County,32.043349,-96.476406
TX,48351,Newton County,30.786718,-93.73925
TX,48353,Nolan County,32.312338,-100.418108
TX,48355,Nueces County,27.739975,-97.516301
TX,48357,Ochiltree County,36.278744,-100.815864
TX,48359,Oldham County,35.401921,-102.59762
TX,48361,Orange County,30.122323,-93.8941
TX,48363,Palo Pinto County,32.752204,-98.317967
TX,48365,Panola County,32.163978,-94.305156
TX,48367,Parker County,32.777096,-97.805905
TX,48369,Parmer County,34.532163,-102.784853
TX,48371,Pecos County,30.773298,-102.718153
TX,48373,Polk County,30.784553,-94.837338
TX,48375,Potter County,35.398675,-101.893804
TX,48377,Presidio County,30.005891,-104.261619
TX,48379,Rains County,32.870457,-95.795613
TX,48381,Randall County,34.962529,-101.895547
TX,48383,Reagan County,31.375191,-101.514395
TX,48385,Real County,29.830097,-99.812549
TX,48387,Red River County,33.619625,-95.048429
TX,48389,Reeves County,31.308366,-103.712706
TX,48391,Refugio County,28.322116,-97.162472
TX,48393,Roberts County,35.838596,-100.836682
TX,48395,Robertson County,31.025481,-96.514941
TX,48397,Rockwall County,32.90028,-96.412049
TX,48399,Runnels County,31.845119,-99.982715
TX,48401,Rusk County,32.109423,-94.756382
TX,48403,Sabine County,31.3433,-93.851913
TX,48405,San Augustine County,31.382449,-94.16318
TX,48407,San Jacinto County,30.574388,-95.163136
TX,48409,San Patricio County,28.011794,-97.517157
TX,48411,San Saba County,31.155138,-98.819292
TX,48413,Schleicher County,30.896233,-100.527216
TX,48415,Scurry County,32.744353,-100.913346
TX,48417,Shackelford County,32.74382,-99.347005
TX,48419,Shelby County,31.790139,-94.142579
TX,48421,Sherman County,36.278593,-101.899265
TX,48423,Smith County,32.375105,-95.268939
TX,48425,Somervell County,32.218071,-97.769217
TX,48427,Starr County,26.530903,-98.740235
TX,48429,Stephens County,32.738052,-98.839344
TX,48431,Sterling County,31.835773,-101.054911
TX,48433,Stonewall County,33.17958,-100.253807
TX,48435,Sutton County,30.522185,-100.513359
TX,48437,Swisher County,34.526319,-101.743865
TX,48439,Tarrant County,32.772119,-97.291224
TX,48441,Taylor County,32.297126,-99.89043
TX,48443,Terrell County,30.232343,-102.072513
TX,48445,Terry County,33.171229,-102.339284
TX,48447,Throckmorton County,33.170695,-99.205796
TX,48449,Titus County,33.214599,-94.966783
TX,48451,Tom Green County,31.397591,-100.464168
TX,48453,Travis County,30.239513,-97.69127
TX,48455,Trinity County,31.096675,-95.151687
TX,48457,Tyler County,30.769295,-94.375656
TX,48459,Upshur County,32.735349,-94.941184
TX,48461,Upton County,31.353816,-102.041546
TX,48463,Uvalde County,29.350308,-99.768427
TX,48465,Val Verde County,29.875285,-101.143324
TX,48467,Van Zandt County,32.558787,-95.836906
TX,48469,Victoria County,28.79637,-96.971198
TX,48471,Walker County,30.743163,-95.569825
TX,48473,Waller County,30.01359,-95.982149
TX,48475,Ward County,31.513069,-103.105113
TX,48477,Washington County,30.215075,-96.410272
TX,48479,Webb County,27.760799,-99.340752
TX,48481,Wharton County,29.27848,-96.229674
TX,48483,Wheeler County,35.392603,-100.253114
TX,48485,Wichita County,33.988212,-98.70801
TX,48487,Wilbarger County,34.08492,-99.24244
TX,48489,Willacy County,26.481861,-97.594731
TX,48491,Williamson County,30.649082,-97.605065
TX,48493,Wilson County,29.173883,-98.086734
TX,48495,Winkler County,31.832862,-103.054925
TX,48497,Wise County,33.219346,-97.652986
TX,48499,Wood County,32.783588,-95.382166
TX,48501,Yoakum County,33.162339,-102.832241
TX,48503,Young County,33.158778,-98.67839
TX,48505,Zapata County,26.996981,-99.182603
TX,48507,Zavala County,28.864652,-99.75983
UT,49001,Beaver County,38.357535,-113.238948
UT,49003,Box Elder County,41.622623,-113.060252
UT,49005,Cache County,41.734118,-111.745394
UT,49007,Carbon County,39.673284,-110.588484
UT,49009,Daggett County,40.890099,-109.505785
UT,49011,Davis County,41.037559,-112.201943
UT,49013,Duchesne County,40.289393,-110.429584
UT,49015,Emery County,39.009025,-110.7211
UT,49017,Garfield County,37.831663,-111.450907
UT,49019,Grand County,38.974326,-109.57345
UT,49021,Iron County,37.909304,-113.30674
UT,49023,Juab County,39.71412,-112.790471
UT,49025,Kane County,37.275089,-111.815329
UT,49027,Millard County,38.956744,-113.133092
UT,49029,Morgan County,41.091027,-111.577885
UT,49031,Piute County,38.335881,-112.129375
UT,49033,Rich County,41.627598,-111.240227
UT,49035,Salt Lake County,40.667883,-111.92424
UT,49037,San Juan County,37.602633,-109.791574
UT,49039,Sanpete County,39.373426,-111.576933
UT,49041,Sevier County,38.746824,-111.81193
UT,49043,Summit County,40.87206,-110.968486
UT,49045,Tooele County,40.467753,-113.123979
UT,49047,Uintah County,40.125887,-109.517748
UT,49049,Utah County,40.120418,-111.668563
UT,49051,Wasatch County,40.334884,-111.161568
UT,49053,Washington County,37.262531,-113.4878
UT,49055,Wayne County,38.259856,-110.990872
UT,49057,Weber County,41.270325,-111.876883
VT,50001,Addison County,44.031248,-73.141581
VT,50003,Bennington County,43.035328,-73.111496
VT,50005,Caledonia County,44.468791,-72.112168
VT,50007,Chittenden County,44.463766,-73.067086
VT,50009,Essex County,44.724021,-71.732736
VT,50011,Franklin County,44.858964,-72.909402
VT,50013,Grand Isle County,44.801787,-73.300759
VT,50015,Lamoille County,44.611192,-72.632659
VT,50017,Orange County,44.003373,-72.369579
VT,50019,Orleans County,44.828442,-72.25163
VT,50021,Rutland County,43.612399,-73.060304
VT,50023,Washington County,44.274969,-72.609444
VT,50025,Windham County,42.995304,-72.721877
VT,50027,Windsor County,43.572448,-72.598813
VA,51001,Accomack County,37.765944,-75.757807
VA,51003,Albemarle County,38.024184,-78.553506
VA,51005,Alleghany County,37.787905,-80.008669
VA,51007,Amelia County,37.331927,-77.977462
VA,51009,Amherst County,37.629301,-79.154756
VA,51011,Appomattox County,37.370725,-78.81094
VA,51013,Arlington County,38.878337,-77.100703
VA,51015,Augusta County,38.17259,-79.140975
VA,51017,Bath County,38.068368,-79.731203
VA,51019,Bedford County,37.312257,-79.527223
VA,51021,Bland County,37.130612,-81.125853
VA,51023,Botetourt County,37.565482,-79.797546
VA,51025,Brunswick County,36.764204,-77.861483
VA,51027,Buchanan County,37.26812,-82.038151
VA,51029,Buckingham County,37.573928,-78.529169
VA,51031,Campbell County,37.210152,-79.095428
VA,51033,Caroline County,38.028033,-77.353736
VA,51035,Carroll County,36.731963,-80.727831
VA,51036,Charles City County,37.361054,-77.05417
VA,51037,Charlotte County,37.009042,-78.658568
VA,51041,Chesterfield County,37.378434,-77.585847
VA,51043,Clarke County,39.115307,-77.990748
VA,51045,Craig County,37.473603,-80.231051
VA,51047,Culpeper County,38.48593,-77.956476
VA,51049,Cumberland County,37.520189,-78.252836
VA,51051,Dickenson County,37.136701,-82.34922
VA,51053,Dinwiddie County,37.073498,-77.635492
VA,51057,Essex County,37.936389,-76.933747
VA,51059,Fairfax County,38.82952,-77.273252
VA,51061,Fauquier County,38.744096,-77.8215
VA,51063,Floyd County,36.931433,-80.350266
VA,51065,Fluvanna County,37.830584,-78.283494
VA,51067,Franklin County,36.991186,-79.882715
VA,51069,Frederick County,39.20366,-78.263829
VA,51071,Giles County,37.318072,-80.698321
VA,51073,Gloucester County,37.403541,-76.523505
VA,51075,Goochland County,37.718814,-77.917626
VA,51077,Grayson County,36.652229,-81.215323
VA,51079,Greene County,38.297981,-78.470163
VA,51081,Greensville County,36.680336,-77.560277
VA,51083,Halifax County,36.766461,-78.939614
VA,51085,Hanover County,37.760215,-77.491317
VA,51087,Henrico County,37.43752,-77.300333
VA,51089,Henry County,36.620612,-79.980662
VA,51091,Highland County,38.366243,-79.564472
VA,51093,Isle of Wight County,36.901418,-76.707569
VA,51095,James City County,37.324837,-76.777888
VA,51097,King and Queen County,37.717772,-76.905581
VA,51099,King George County,38.277179,-77.162638
VA,51101,King William County,37.70826,-77.091054
VA,51103,Lancaster County,37.704843,-76.412663
VA,51105,Lee County,36.701721,-83.130112
VA,51107,Loudoun County,39.0812,-77.638898
VA,51109,Louisa County,37.972704,-77.959795
VA,51111,Lunenburg County,36.945555,-78.240528
VA,51113,Madison County,38.412059,-78.276961
VA,51115,Mathews County,37.425348,-76.268808
VA,51117,Mecklenburg County,36.687256,-78.368959
VA,51119,Middlesex County,37.606975,-76.528082
VA,51121,Montgomery County,37.175538,-80.387794
VA,51125,Nelson County,37.789079,-78.88344
VA,51127,New Kent County,37.51016,-76.999331
VA,51131,Northampton County,37.302775,-75.924018
VA,51133,Northumberland County,37.856975,-76.379688
VA,51135,Nottoway County,37.141167,-78.053866
VA,51137,Orange County,38.249326,-78.011092
VA,51139,Page County,38.623209,-78.491872
VA,51141,Patrick County,36.667138,-80.286413
VA,51143,Pittsylvania County,36.821721,-79.398502
VA,51145,Powhatan County,37.549404,-77.912855
VA,51147,Prince Edward County,37.224881,-78.432957
VA,51149,Prince George County,37.187325,-77.220993
VA,51153,Prince William County,38.701119,-77.479579
VA,51155,Pulaski County,37.063385,-80.713444
VA,51157,Rappahannock County,38.684522,-78.168824
VA,51159,Richmond County,37.942894,-76.730561
VA,51161,Roanoke County,37.330792,-80.191237
VA,51163,Rockbridge County,37.814517,-79.447754
VA,51165,Rockingham County,38.507612,-78.885329
VA,51167,Russell County,36.93342,-82.095934
VA,51169,Scott County,36.712776,-82.613624
VA,51171,Shenandoah County,38.856204,-78.573987
VA,51173,Smyth County,36.842318,-81.539786
VA,51175,Southampton County,36.720068,-77.103813
VA,51177,Spotsylvania County,38.182431,-77.657226
VA,51179,Stafford County,38.423084,-77.458048
VA,51181,Surry County,37.119761,-76.880172
VA,51183,Sussex County,36.926645,-77.259732
VA,51185,Tazewell County,37.125395,-81.562924
VA,51187,Warren County,38.908221,-78.207594
VA,51191,Washington County,36.747814,-81.950322
VA,51193,Westmoreland County,38.109311,-76.803933
VA,51195,Wise County,36.974561,-82.62156
VA,51197,Wythe County,36.899868,-81.08301
VA,51199,York County,37.220914,-76.395533
VA,51510,Alexandria city,38.819251,-77.08367
VA,51520,Bristol city,36.616954,-82.157564
VA,51530,Buena Vista city,37.729345,-79.358134
VA,51540,Charlottesville city,38.037658,-78.485381
VA,51550,Chesapeake city,36.679376,-76.301788
VA,51570,Colonial Heights city,37.261685,-77.396804
VA,51580,Covington city,37.78106,-79.985434
VA,51590,Danville city,36.583334,-79.408071
VA,51595,Emporia city,36.696182,-77.535975
VA,51600,Fairfax city,38.853183,-77.299025
VA,51610,Falls Church city,38.884722,-77.175603
VA,51620,Franklin city,36.684014,-76.941396
VA,51630,Fredericksburg city,38.299272,-77.486658
VA,51640,Galax city,36.66564,-80.914308
VA,51650,Hampton city,37.047961,-76.297293
VA,51660,Harrisonburg city,38.436255,-78.873303
VA,51670,Hopewell city,37.29101,-77.298944
VA,51678,Lexington city,37.782332,-79.44432
VA,51680,Lynchburg city,37.399016,-79.195458
VA,51683,Manassas city,38.746808,-77.482633
VA,51685,Manassas Park city,38.769398,-77.442323
VA,51690,Martinsville city,36.683527,-79.863647
VA,51700,Newport News city,37.076136,-76.52198
VA,51710,Norfolk city,36.923015,-76.244641
VA,51720,Norton city,36.931549,-82.625996
VA,51730,Petersburg city,37.20473,-77.392368
VA,51735,Poquoson city,37.12836,-76.303534
VA,51740,Portsmouth city,36.859339,-76.356973
VA,51750,Radford city,37.12012,-80.559149
VA,51760,Richmond city,37.531399,-77.476009
VA,51770,Roanoke city,37.278458,-79.958174
VA,51775,Salem city,37.285333,-80.055241
VA,51790,Staunton city,38.157978,-79.061876
VA,51800,Suffolk city,36.697157,-76.634781
VA,51810,Virginia Beach city,36.779525,-76.029142
VA,51820,Waynesboro city,38.067157,-78.90142
VA,51830,Williamsburg city,37.269481,-76.708193
VA,51840,Winchester city,39.173869,-78.176356
WA,53001,Adams County,47.011238,-118.512861
WA,53003,Asotin County,46.181861,-117.227781
WA,53005,Benton County,46.228125,-119.516659
WA,53007,Chelan County,47.860974,-120.619041
WA,53009,Clallam County,48.110903,-123.88986
WA,53011,Clark County,45.77173,-122.485953
WA,53013,Columbia County,46.29285,-117.911634
WA,53015,Cowlitz County,46.196785,-122.67846
WA,53017,Douglas County,47.741763,-119.694622
WA,53019,Ferry County,48.473256,-118.533589
WA,53021,Franklin County,46.537502,-118.903891
WA,53023,Garfield County,46.429318,-117.536705
WA,53025,Grant County,47.213633,-119.467788
WA,53027,Grays Harbor County,47.112084,-123.826725
WA,53029,Island County,48.158554,-122.670649
WA,53031,Jefferson County,47.805708,-123.527057
WA,53033,King County,47.490552,-121.833977
WA,53035,Kitsap County,47.639687,-122.649636
WA,53037,Kittitas County,47.124441,-120.676709
WA,53039,Klickitat County,45.870446,-120.779305
WA,53041,Lewis County,46.580071,-122.377444
WA,53043,Lincoln County,47.582743,-118.417692
WA,53045,Mason County,47.350832,-123.173103
WA,53047,Okanogan County,48.548453,-119.742235
WA,53049,Pacific County,46.556587,-123.782419
WA,53051,Pend Oreille County,48.543825,-117.232191
WA,53053,Pierce County,47.051413,-122.15324
WA,53055,San Juan County,48.50719,-123.103769
WA,53057,Skagit County,48.493292,-121.81577
WA,53059,Skamania County,46.024785,-121.953232
WA,53061,Snohomish County,48.054913,-121.765038
WA,53063,Spokane County,47.620375,-117.403371
WA,53065,Stevens County,48.388728,-117.854455
WA,53067,Thurston County,46.935822,-122.830152
WA,53069,Wahkiakum County,46.294638,-123.424458
WA,53071,Walla Walla County,46.254606,-118.48037
WA,53073,Whatcom County,48.842653,-121.836432
WA,53075,Whitman County,46.905944,-117.53539
WA,53077,Yakima County,46.456558,-120.740145
WV,54001,Barbour County,39.139725,-79.996947
WV,54003,Berkeley County,39.447938,-78.037753
WV,54005,Boone County,38.022814,-81.713538
WV,54007,Braxton County,38.69933,-80.73166
WV,54009,Brooke County,40.272645,-80.578691
WV,54011,Cabell County,38.419578,-82.243397
WV,54013,Calhoun County,38.844159,-81.115478
WV,54015,Clay County,38.459826,-81.081866
WV,54017,Doddridge County,39.264307,-80.711498
WV,54019,Fayette County,38.030966,-81.086089
WV,54021,Gilmer County,38.915867,-80.849413
WV,54023,Grant County,39.105988,-79.195064
WV,54025,Greenbrier County,37.924418,-80.45059
WV,54027,Hampshire County,39.312139,-78.611989
WV,54029,Hancock County,40.516958,-80.570164
WV,54031,Hardy County,39.011361,-78.841729
WV,54033,Harrison County,39.27922,-80.385837
WV,54035,Jackson County,38.834234,-81.677717
WV,54037,Jefferson County,39.307398,-77.86322
WV,54039,Kanawha County,38.328068,-81.523516
WV,54041,Lewis County,38.988877,-80.495477
WV,54043,Lincoln County,38.17177,-82.077623
WV,54045,Logan County,37.830591,-81.940853
WV,54047,McDowell County,37.38276,-81.658204
WV,54049,Marion County,39.505839,-80.243402
WV,54051,Marshall County,39.854426,-80.671794
WV,54053,Mason County,38.770914,-82.029007
WV,54055,Mercer County,37.403448,-81.106456
WV,54057,Mineral County,39.404781,-78.95669
WV,54059,Mingo County,37.721161,-82.158989
WV,54061,Monongalia County,39.633645,-80.059074
WV,54063,Monroe County,37.554062,-80.550329
WV,54065,Morgan County,39.557345,-78.256517
WV,54067,Nicholas County,38.291432,-80.797515
WV,54069,Ohio County,40.100323,-80.6199
WV,54071,Pendleton County,38.67445,-79.340617
WV,54073,Pleasants County,39.368133,-81.161172
WV,54075,Pocahontas County,38.332606,-80.010121
WV,54077,Preston County,39.46903,-79.668865
WV,54079,Putnam County,38.510518,-81.906109
WV,54081,Raleigh County,37.762469,-81.264672
WV,54083,Randolph County,38.781095,-79.867788
WV,54085,Ritchie County,39.177112,-81.066317
WV,54087,Roane County,38.74295,-81.354494
WV,54089,Summers County,37.655999,-80.856325
WV,54091,Taylor County,39.332478,-80.046554
WV,54093,Tucker County,39.111175,-79.559968
WV,54095,Tyler County,39.465634,-80.877219
WV,54097,Upshur County,38.90253,-80.231606
WV,54099,Wayne County,38.143642,-82.422666
WV,54101,Webster County,38.483459,-80.449052
WV,54103,Wetzel County,39.59818,-80.635399
WV,54105,Wirt County,39.020034,-81.382975
WV,54107,Wood County,39.211602,-81.516234
WV,54109,Wyoming County,37.60366,-81.549032
WI,55001,Adams County,43.973757,-89.767228
WI,55003,Ashland County,46.544424,-90.679691
WI,55005,Barron County,45.437192,-91.852892
WI,55007,Bayfield County,46.634199,-91.177282
WI,55009,Brown County,44.474024,-87.99613
WI,55011,Buffalo County,44.385633,-91.761294
WI,55013,Burnett County,45.866897,-92.37573
WI,55015,Calumet County,44.07841,-88.212132
WI,55017,Chippewa County,45.069092,-91.283505
WI,55019,Clark County,44.739166,-90.609909
WI,55021,Columbia County,43.471882,-89.330472
WI,55023,Crawford County,43.242768,-90.935185
WI,55025,Dane County,43.067468,-89.417852
WI,55027,Dodge County,43.429628,-88.701939
WI,55029,Door County,45.093417,-87.048683
WI,55031,Douglas County,46.463218,-91.892477
WI,55033,Dunn County,44.947751,-91.897645
WI,55035,Eau Claire County,44.726355,-91.286414
WI,55037,Florence County,45.871828,-88.406988
WI,55039,Fond du Lac County,43.754722,-88.493284
WI,55041,Forest County,45.666881,-88.773326
WI,55043,Grant County,42.870028,-90.694229
WI,55045,Green County,42.675522,-89.605074
WI,55047,Green Lake County,43.780247,-88.97038
WI,55049,Iowa County,43.001021,-90.133691
WI,55051,Iron County,46.32655,-90.261298
WI,55053,Jackson County,44.32459,-90.79951
WI,55055,Jefferson County,43.013804,-88.773985
WI,55057,Juneau County,43.932836,-90.113984
WI,55059,Kenosha County,42.587526,-87.879996
WI,55061,Kewaunee County,44.605677,-87.448008
WI,55063,La Crosse County,43.908222,-91.111758
WI,55065,Lafayette County,42.655578,-90.130292
WI,55067,Langlade County,45.254863,-89.06707
WI,55069,Lincoln County,45.333148,-89.73224
WI,55071,Manitowoc County,44.156137,-87.577352
WI,55073,Marathon County,44.898036,-89.757823
WI,55075,Marinette County,45.346899,-87.991198
WI,55077,Marquette County,43.826053,-89.409095
WI,55078,Menominee County,44.991304,-88.669251
WI,55079,Milwaukee County,42.912643,-87.862312
WI,55081,Monroe County,43.945175,-90.619969
WI,55083,Oconto County,44.996575,-88.206516
WI,55085,Oneida County,45.716176,-89.534533
WI,55087,Outagamie County,44.418226,-88.464988
WI,55089,Ozaukee County,43.501807,-87.847551
WI,55091,Pepin County,44.627436,-91.83489
WI,55093,Pierce County,44.725336,-92.426279
WI,55095,Polk County,45.462041,-92.447066
WI,55097,Portage County,44.476246,-89.49807
WI,55099,Price County,45.679072,-90.35965
WI,55101,Racine County,42.780392,-87.771599
WI,55103,Richland County,43.376199,-90.435693
WI,55105,Rock County,42.66988,-89.075284
WI,55107,Rusk County,45.472734,-91.136744
WI,55109,St. Croix County,45.028959,-92.447284
WI,55111,Sauk County,43.428001,-89.943318
WI,55113,Sawyer County,45.864999,-91.147063
WI,55115,Shawano County,44.789641,-88.755813
WI,55117,Sheboygan County,43.738713,-87.731531
WI,55119,Taylor County,45.211656,-90.504853
WI,55121,Trempealeau County,44.30305,-91.358867
WI,55123,Vernon County,43.599366,-90.821983
WI,55125,Vilas County,46.049848,-89.501254
WI,55127,Walworth County,42.66811,-88.541731
WI,55129,Washburn County,45.892489,-91.796422
WI,55131,Washington County,43.391156,-88.232917
WI,55133,Waukesha County,43.018368,-88.30424
WI,55135,Waupaca County,44.478004,-88.967005
WI,55137,Waushara County,44.112823,-89.239786
WI,55139,Winnebago County,44.085707,-88.668149
WI,55141,Wood County,44.461413,-90.038825
WY,56001,Albany County,41.665514,-105.721883
WY,56003,Big Horn County,44.525117,-107.994848
WY,56005,Campbell County,44.189686,-105.52614
WY,56007,Carbon County,41.70359,-106.933153
WY,56009,Converse County,42.984623,-105.524752
WY,56011,Crook County,44.589266,-104.567298
WY,56013,Fremont County,43.054831,-108.608935
WY,56015,Goshen County,42.089455,-104.35354
WY,56017,Hot Springs County,43.720209,-108.435076
WY,56019,Johnson County,44.044048,-106.588541
WY,56021,Laramie County,41.29283,-104.660395
WY,56023,Lincoln County,42.229993,-110.682961
WY,56025,Natrona County,42.977645,-106.768219
WY,56027,Niobrara County,43.062159,-104.468373
WY,56029,Park County,44.492387,-109.593597
WY,56031,Platte County,42.131593,-104.953963
WY,56033,Sheridan County,44.781369,-106.881211
WY,56035,Sublette County,42.767928,-109.91617
WY,56037,Sweetwater County,41.660328,-108.875677
WY,56039,Teton County,44.048662,-110.426087
WY,56041,Uinta County,41.284726,-110.558947
WY,56043,Washakie County,43.878831,-107.669052
WY,56045,Weston County,43.846213,-104.57002
PR,72001,Adjuntas Municipio,18.181611,-66.758165
PR,72003,Aguada Municipio,18.375641,-67.185727
PR,72005,Aguadilla Municipio,18.480191,-67.143762
PR,72007,Aguas Buenas Municipio,18.256524,-66.128496
PR,72009,Aibonito Municipio,18.130723,-66.26446
PR,72011,Añasco Municipio,18.286905,-67.131282
PR,72013,Arecibo Municipio,18.434004,-66.674994
PR,72015,Arroyo Municipio,17.97206,-66.041945
PR,72017,Barceloneta Municipio,18.469997,-66.558226
PR,72019,Barranquitas Municipio,18.200018,-66.309282
PR,72021,Bayamón Municipio,18.34942,-66.168626
PR,72023,Cabo Rojo Municipio,17.997138,-67.180862
PR,72025,Caguas Municipio,18.211109,-66.050964
PR,72027,Camuy Municipio,18.445469,-66.863134
PR,72029,Canóvanas Municipio,18.330007,-65.886035
PR,72031,Carolina Municipio,18.396776,-65.968778
PR,72033,Cataño Municipio,18.444614,-66.148819
PR,72035,Cayey Municipio,18.103624,-66.151667
PR,72037,Ceiba Municipio,18.253265,-65.620765
PR,72039,Ciales Municipio,18.295913,-66.515588
PR,72041,Cidra Municipio,18.174391,-66.161618
PR,72043,Coamo Municipio,18.1038,-66.357586
PR,72045,Comerío Municipio,18.225032,-66.219481
PR,72047,Corozal Municipio,18.30391,-66.326179
PR,72049,Culebra Municipio,18.326611,-65.307771
PR,72051,Dorado Municipio,18.474376,-66.261973
PR,72053,Fajardo Municipio,18.386378,-65.588454
PR,72054,Florida Municipio,18.36868,-66.562711
PR,72055,Guánica Municipio,17.948209,-66.922935
PR,72057,Guayama Municipio,17.973929,-66.137467
PR,72059,Guayanilla Municipio,18.005338,-66.798293
PR,72061,Guaynabo Municipio,18.344357,-66.114056
PR,72063,Gurabo Municipio,18.272581,-65.981177
PR,72065,Hatillo Municipio,18.441141,-66.79821
PR,72067,Hormigueros Municipio,18.134695,-67.116199
PR,72069,Humacao Municipio,18.135403,-65.786229
PR,72071,Isabela Municipio,18.483997,-67.013979
PR,72073,Jayuya Municipio,18.211152,-66.58687
PR,72075,Juana Díaz Municipio,17.997974,-66.490496
PR,72077,Juncos Municipio,18.224133,-65.908542
PR,72079,Lajas Municipio,17.978511,-67.040111
PR,72081,Lares Municipio,18.276925,-66.869587
PR,72083,Las Marías Municipio,18.227594,-66.97758
PR,72085,Las Piedras Municipio,18.187152,-65.871194
PR,72087,Loíza Municipio,18.445503,-65.942649
PR,72089,Luquillo Municipio,18.367996,-65.709904
PR,72091,Manatí Municipio,18.444803,-66.493137
PR,72093,Maricao Municipio,18.173956,-66.935547
PR,72095,Maunabo Municipio,17.999786,-65.896403
PR,72097,Mayagüez Municipio,18.08385,-67.886337
PR,72099,Moca Municipio,18.377637,-67.079574
PR,72101,Morovis Municipio,18.318017,-66.420392
PR,72103,Naguabo Municipio,18.21107,-65.735749
PR,72105,Naranjito Municipio,18.28992,-66.25344
PR,72107,Orocovis Municipio,18.218733,-66.436899
PR,72109,Patillas Municipio,18.000311,-65.986642
PR,72111,Peñuelas Municipio,18.026618,-66.728125
PR,72113,Ponce Municipio,18.001717,-66.606662
PR,72115,Quebradillas Municipio,18.466357,-66.927603
PR,72117,Rincón Municipio,18.33898,-67.250771
PR,72119,Río Grande Municipio,18.376369,-65.798434
PR,72121,Sabana Grande Municipio,18.084483,-66.947609
PR,72123,Salinas Municipio,17.971485,-66.262252
PR,72125,San Germán Municipio,18.1078,-67.037263
PR,72127,San Juan Municipio,18.422249,-66.069081
PR,72129,San Lorenzo Municipio,18.147107,-65.976167
PR,72131,San Sebastián Municipio,18.331064,-66.969064
PR,72133,Santa Isabel Municipio,17.952922,-66.387588
PR,72135,Toa Alta Municipio,18.364556,-66.244669
PR,72137,Toa Baja Municipio,18.45691,-66.193193
PR,72139,Trujillo Alto Municipio,18.335387,-66.003787
PR,72141,Utuado Municipio,18.270865,-66.702989
PR,72143,Vega Alta Municipio,18.43622,-66.336412
PR,72145,Vega Baja Municipio,18.455128,-66.397883
PR,72147,Vieques Municipio,18.125418,-65.432474
PR,72149,Villalba Municipio,18.130718,-66.472244
PR,72151,Yabucoa Municipio,18.059859,-65.85987
PR,72153,Yauco Municipio,18.085669,-66.857901
